Date,Gold,DXY,US 10y yield,CN 10y yield,DE 10y yield,SPX,US 2y yield,CN 2y yield,DE 2y yield
2022-01-03,1800.85,96.21,1.637,NA,-0.124,4796.56,0.776,NA,-0.596
2022-01-04,1814.56,96.26,1.649,2.793,-0.128,4793.54,0.76,2.35,-0.615
2022-01-05,1809.53,96.17,1.7,2.809,-0.124,4700.58,0.83,2.358,-0.62
2022-01-06,1788.68,96.32,1.728,2.822,-0.068,4696.05,0.874,2.38,-0.603
2022-01-07,1795.63,95.72,1.765,2.823,-0.029,4677.02,0.87,2.373,-0.578
2022-01-10,1801.41,95.99,1.755,2.809,-0.036,4670.29,0.898,2.349,-0.591
2022-01-11,1822.01,95.62,1.746,2.799,-0.032,4713.07,0.888,2.332,-0.581
2022-01-12,1825.32,94.92,1.752,2.8,-0.057,4726.35,0.923,2.328,-0.596
2022-01-13,1822.09,94.79,1.701,2.794,-0.086,4659.02,0.895,2.337,-0.603
2022-01-14,1817.22,95.17,1.793,2.795,-0.049,4662.85,0.969,2.341,-0.587
2022-01-17,1818.99,95.26,1.809,2.791,-0.026,NA,1.003,2.308,-0.571
2022-01-18,1813.54,95.73,1.875,2.756,-0.018,4577.34,1.046,2.252,-0.574
2022-01-19,1839.96,95.51,1.854,2.732,-0.009,4532.76,1.051,2.187,-0.577
2022-01-20,1838.36,95.74,1.811,2.726,-0.027,4482.73,1.027,2.181,-0.585
2022-01-21,1833.24,95.64,1.77,2.713,-0.06,4397.93,1.016,2.134,-0.62
2022-01-24,1843.06,95.92,1.776,2.686,-0.098,4410.13,0.971,2.09,-0.651
2022-01-25,1847.56,95.95,1.776,2.672,-0.081,4356.45,1.027,2.135,-0.654
2022-01-26,1818.12,96.39,1.873,2.715,-0.071,4349.93,1.156,2.153,-0.646
2022-01-27,1796.51,97.25,1.803,2.735,-0.057,4326.5,1.188,2.151,-0.621
2022-01-28,1791.03,97.27,1.778,2.717,-0.047,4431.85,1.172,2.141,-0.61
2022-01-31,1796.47,96.54,1.784,NA,0.014,4515.55,1.185,NA,-0.534
2022-02-01,1800.65,96.39,1.795,NA,0.037,4546.54,1.169,NA,-0.527
2022-02-02,1806.50,95.94,1.771,NA,0.035,4589.32,1.15,NA,-0.462
2022-02-03,1804.40,95.38,1.836,NA,0.155,4477.44,1.202,NA,-0.322
2022-02-04,1807.49,95.49,1.916,NA,0.208,4500.54,1.316,NA,-0.254
2022-02-07,1820.31,95.4,1.919,2.722,0.224,4483.87,1.294,2.124,-0.303
2022-02-08,1825.48,95.64,1.965,2.722,0.264,4521.54,1.345,2.127,-0.3
2022-02-09,1832.43,95.49,1.945,2.734,0.22,4587.18,1.366,2.145,-0.341
2022-02-10,1826.57,95.55,2.043,2.744,0.292,4504.06,1.609,2.146,-0.325
2022-02-11,1859.96,96.08,1.918,2.794,0.292,4418.64,1.487,2.202,-0.327
2022-02-14,1870.29,96.37,1.986,2.798,0.273,4401.67,1.57,2.212,-0.369
2022-02-15,1853.06,95.99,2.043,2.8,0.311,4471.07,1.577,2.209,-0.346
2022-02-16,1868.37,95.7,2.04,2.793,0.272,4475.01,1.527,2.204,-0.369
2022-02-17,1897.27,95.8,1.968,2.783,0.233,4380.26,1.47,2.193,-0.427
2022-02-18,1897.87,96.04,1.927,2.804,0.205,4348.87,1.47,2.205,-0.473
2022-02-21,1905.63,96.08,1.873,2.837,0.2,NA,1.436,2.25,-0.459
2022-02-22,1898.13,96.03,1.944,2.843,0.243,4304.74,1.561,2.28,-0.401
2022-02-23,1907.55,96.19,1.998,2.818,0.225,4225.5,1.606,2.258,-0.369
2022-02-24,1903.14,97.14,1.97,2.806,0.171,4288.7,1.578,2.249,-0.424
2022-02-25,1887.56,96.61,1.97,2.79,0.224,4384.62,1.57,2.239,-0.377
2022-02-28,1907.90,96.71,1.822,2.791,0.159,4373.79,1.436,2.221,-0.507
2022-03-01,1943.22,97.41,1.716,2.818,-0.069,4306.26,1.333,2.228,-0.725
2022-03-02,1926.11,97.39,1.878,2.833,0.01,4386.54,1.514,2.25,-0.629
2022-03-03,1935.21,97.79,1.84,2.844,0.022,4363.49,1.526,2.273,-0.613
2022-03-04,1968.45,98.65,1.737,2.832,-0.101,4328.87,1.49,2.262,-0.778
2022-03-07,1998.11,99.29,1.777,2.84,-0.013,4201.09,1.556,2.255,-0.693
2022-03-08,2052.41,99.06,1.84,2.84,0.107,4170.62,1.601,2.23,-0.625
2022-03-09,1991.49,97.97,1.951,2.863,0.191,4277.88,1.676,2.251,-0.524
2022-03-10,1995.86,98.51,1.993,2.861,0.27,4259.52,1.702,2.267,-0.383
2022-03-11,1985.29,99.12,1.997,2.823,0.27,4204.31,1.746,2.251,-0.401
2022-03-14,1951.11,99,2.142,2.78,0.373,4173.11,1.865,2.215,-0.332
2022-03-15,1917.84,99.1,2.149,2.824,0.331,4262.45,1.851,2.278,-0.414
2022-03-16,1927.93,98.62,2.192,2.81,0.393,4357.95,1.948,2.288,-0.334
2022-03-17,1942.64,97.97,2.167,2.813,0.388,4411.67,1.916,2.283,-0.329
2022-03-18,1921.09,98.23,2.153,2.803,0.367,4463.09,1.942,2.259,-0.35
2022-03-21,1935.95,98.5,2.297,2.819,0.459,4461.18,2.117,2.28,-0.277
2022-03-22,1921.44,98.49,2.381,2.84,0.505,4511.61,2.166,2.324,-0.237
2022-03-23,1943.38,98.62,2.29,2.844,0.479,4456.23,2.098,2.334,-0.237
2022-03-24,1957.48,98.79,2.37,2.815,0.526,4520.16,2.135,2.313,-0.198
2022-03-25,1957.40,98.79,2.488,2.811,0.57,4543.04,2.284,2.295,-0.153
2022-03-28,1923.20,99.09,2.466,2.811,0.582,4575.52,2.336,2.32,-0.114
2022-03-29,1919.19,98.4,2.398,2.808,0.641,4631.6,2.373,2.319,-0.043
2022-03-30,1933.06,97.79,2.358,2.802,0.658,4602.45,2.312,2.32,0.021
2022-03-31,1937.23,98.31,2.345,2.817,0.547,4530.41,2.335,2.299,-0.07
2022-04-01,1924.30,98.63,2.389,2.811,0.566,4545.86,2.463,2.292,-0.062
2022-04-04,1932.44,99,2.393,NA,0.517,4582.64,2.418,NA,-0.076
2022-04-05,1923.76,99.47,2.554,NA,0.61,4525.12,2.524,NA,-0.033
2022-04-06,1925.48,99.6,2.598,2.79,0.648,4481.15,2.484,2.238,-0.044
2022-04-07,1932.17,99.75,2.665,2.786,0.68,4500.21,2.468,2.238,-0.031
2022-04-08,1945.85,99.8,2.704,2.79,0.71,4488.28,2.516,2.239,0.05
2022-04-11,1953.43,99.93,2.774,2.811,0.813,4412.53,2.5,2.257,0.132
2022-04-12,1966.59,100.29,2.727,2.814,0.79,4397.45,2.405,2.262,0.069
2022-04-13,1977.72,99.88,2.703,2.815,0.775,4446.59,2.365,2.253,0.074
2022-04-14,1973.52,100.32,2.828,2.807,0.839,4392.59,2.456,2.223,0.056
2022-04-15,1974.54,100.32,NA,2.817,0.8395,NA,NA,NA,NA
2022-04-18,1978.50,100.78,2.857,2.851,0.8395,4391.69,2.446,2.215,0.038
2022-04-19,1949.84,100.96,2.94,2.852,0.918,4462.21,2.598,2.205,0.058
2022-04-20,1957.41,100.39,2.834,2.862,0.862,4459.45,2.575,2.223,0.051
2022-04-21,1951.49,100.58,2.908,2.853,0.925,4393.66,2.674,2.208,0.171
2022-04-22,1929.73,101.22,2.905,2.878,0.963,4271.78,2.678,2.195,0.281
2022-04-25,1897.69,101.75,2.818,2.821,0.848,4296.12,2.628,2.281,0.147
2022-04-26,1905.56,102.3,2.728,2.833,0.802,4175.2,2.481,2.288,0.128
2022-04-27,1886.12,102.95,2.826,2.843,0.81,4183.96,2.591,2.312,0.098
2022-04-28,1894.34,103.62,2.832,2.85,0.895,4287.5,2.629,2.347,0.186
2022-04-29,1896.40,102.96,2.938,2.841,0.935,4131.93,2.731,2.333,0.258
2022-05-02,1862.77,103.74,2.977,NA,0.963,4155.38,2.731,NA,0.232
2022-05-03,1867.79,103.46,2.979,NA,0.954,4175.48,2.784,NA,0.248
2022-05-04,1880.92,102.59,2.946,NA,0.978,4300.17,2.654,NA,0.281
2022-05-05,1876.84,103.75,3.035,2.832,1.048,4152.38,2.712,2.332,0.293
2022-05-06,1882.96,103.66,3.142,2.834,1.137,4123.34,2.735,2.34,0.332
2022-05-09,1853.92,103.65,3.034,2.823,1.088,3991.24,2.598,2.314,0.223
2022-05-10,1838.14,103.92,2.989,2.811,1.003,4001.05,2.606,2.285,0.162
2022-05-11,1852.12,103.85,2.925,2.828,1.004,3935.18,2.647,2.293,0.154
2022-05-12,1821.72,104.85,2.855,2.815,0.869,3930.08,2.58,2.278,0.061
2022-05-13,1811.15,104.56,2.928,2.818,0.947,4023.89,2.588,2.271,0.104
2022-05-16,1823.79,104.19,2.886,2.828,0.937,4008.01,2.574,2.258,0.129
2022-05-17,1814.67,103.36,2.995,2.822,1.056,4088.85,2.711,2.234,0.26
2022-05-18,1815.61,103.81,2.884,2.808,1.012,3923.68,2.667,2.212,0.371
2022-05-19,1841.72,102.72,2.837,2.811,0.94,3900.79,2.612,2.227,0.355
2022-05-20,1845.68,103.15,2.788,2.822,0.942,3901.36,2.587,2.24,0.337
2022-05-23,1853.22,102.08,2.861,2.805,1.02,3973.75,2.629,2.216,0.409
2022-05-24,1865.90,101.86,2.754,2.801,0.954,3941.48,2.481,2.221,0.362
2022-05-25,1852.83,102.06,2.751,2.782,0.955,3978.73,2.502,2.223,0.331
2022-05-26,1850.02,101.83,2.742,2.747,0.999,4057.84,2.478,2.178,0.33
2022-05-27,1852.73,101.67,2.743,2.75,0.963,4158.24,2.484,2.186,0.338
2022-05-30,1856.21,101.67,2.812,2.76,1.044,NA,2.571,2.204,0.436
2022-05-31,1837.09,101.75,2.849,2.803,1.127,4132.15,2.563,2.235,0.508
2022-06-01,1845.55,102.5,2.911,2.8,1.181,4101.23,2.648,2.233,0.548
2022-06-02,1868.13,101.82,2.913,2.808,1.235,4176.82,2.632,2.245,0.619
2022-06-03,1850.77,102.14,2.941,NA,1.27,4108.54,2.657,NA,0.65
2022-06-06,1841.00,102.44,3.04,2.822,1.322,4121.43,2.732,2.28,0.686
2022-06-07,1851.97,102.32,2.979,2.812,1.287,4160.68,2.735,2.279,0.653
2022-06-08,1853.26,102.54,3.027,2.814,1.355,4115.77,2.778,2.265,0.701
2022-06-09,1847.61,103.22,3.046,2.807,1.435,4017.82,2.815,2.254,0.831
2022-06-10,1870.96,104.15,3.165,2.81,1.502,3900.86,3.067,2.254,0.95
2022-06-13,1818.77,105.08,3.362,2.812,1.627,3749.63,3.367,2.261,1.142
2022-06-14,1808.10,105.52,3.479,2.818,1.751,3735.48,3.439,2.265,1.208
2022-06-15,1833.38,105.16,3.292,2.828,1.652,3789.99,3.21,2.27,1.067
2022-06-16,1856.71,103.63,3.195,2.821,1.703,3666.77,3.1,2.264,1.152
2022-06-17,1839.35,104.7,3.231,2.816,1.669,3674.84,3.17,2.248,1.087
2022-06-20,1838.29,104.7,3.277,2.794,1.743,NA,3.246,2.262,1.13
2022-06-21,1832.56,104.43,3.279,2.791,1.762,3764.79,3.194,2.263,1.136
2022-06-22,1837.39,104.2,3.16,2.78,1.62,3759.89,3.062,2.257,1.032
2022-06-23,1822.43,104.43,3.089,2.784,1.427,3795.73,3.012,2.244,0.809
2022-06-24,1826.18,104.18,3.138,2.801,1.44,3911.74,3.063,2.253,0.805
2022-06-27,1822.73,103.94,3.202,2.838,1.544,3900.11,3.132,2.283,0.883
2022-06-28,1819.69,104.51,3.177,2.847,1.635,3821.55,3.112,2.289,0.946
2022-06-29,1817.11,105.11,3.087,2.838,1.504,3818.83,3.043,2.285,0.836
2022-06-30,1806.89,104.68,3.017,2.824,1.368,3785.38,2.955,2.253,0.679
2022-07-01,1810.18,105.14,2.889,2.827,1.226,3825.33,2.839,2.24,0.501
2022-07-04,1809.12,105.14,2.932,2.856,1.337,NA,2.91,2.298,0.621
2022-07-05,1764.35,106.54,2.818,2.851,1.187,3831.39,2.822,2.316,0.436
2022-07-06,1738.30,107.1,2.934,2.839,1.158,3845.08,2.996,2.313,0.378
2022-07-07,1739.61,107.13,3,2.842,1.291,3902.62,3.024,2.303,0.531
2022-07-08,1741.82,107.01,3.08,2.843,1.346,3899.38,3.105,2.303,0.53
2022-07-11,1733.67,108.02,2.993,2.824,1.25,3854.43,3.07,2.275,0.439
2022-07-12,1725.81,108.07,2.971,2.817,1.134,3818.8,3.051,2.252,0.342
2022-07-13,1735.23,107.96,2.935,2.813,1.145,3801.78,3.148,2.244,0.447
2022-07-14,1709.45,108.54,2.958,2.797,1.179,3790.38,3.128,2.22,0.501
2022-07-15,1706.78,108.06,2.928,2.792,1.128,3863.16,3.131,2.208,0.452
2022-07-18,1709.01,107.37,2.989,2.789,1.214,3830.85,3.17,2.201,0.512
2022-07-19,1711.07,106.68,3.028,2.796,1.278,3936.69,3.242,2.204,0.632
2022-07-20,1696.43,107.08,3.03,2.78,1.26,3959.9,3.236,2.185,0.613
2022-07-21,1718.49,106.91,2.882,2.77,1.22,3998.95,3.095,2.18,0.658
2022-07-22,1726.46,106.73,2.754,2.785,1.023,3961.63,2.972,2.174,0.392
2022-07-25,1718.78,106.48,2.807,2.785,1.03,3966.84,3.018,2.157,0.408
2022-07-26,1717.00,107.19,2.803,2.775,0.928,3921.05,3.059,2.118,0.351
2022-07-27,1733.89,106.45,2.785,2.771,0.938,4023.61,2.984,2.105,0.419
2022-07-28,1755.11,106.35,2.671,2.783,0.801,4072.43,2.868,2.138,0.216
2022-07-29,1765.22,105.9,2.658,2.759,0.825,4130.29,2.891,2.104,0.273
2022-08-01,1771.73,105.45,2.588,2.736,0.761,4118.63,2.886,2.06,0.241
2022-08-02,1759.75,106.24,2.748,2.733,0.782,4091.19,3.063,2.029,0.27
2022-08-03,1764.90,106.51,2.706,2.728,0.874,4155.17,3.069,2.015,0.389
2022-08-04,1790.97,105.69,2.694,2.722,0.809,4151.94,3.049,1.993,0.33
2022-08-05,1774.15,106.62,2.827,2.738,0.961,4145.19,3.23,2.018,0.472
2022-08-08,1788.52,106.43,2.75,2.743,0.897,4140.06,3.209,2.123,0.438
2022-08-09,1794.08,106.37,2.779,2.748,0.923,4122.47,3.268,2.158,0.484
2022-08-10,1792.13,105.2,2.785,2.741,0.886,4210.24,3.22,2.176,0.525
2022-08-11,1789.45,105.09,2.889,2.737,0.967,4207.27,3.227,2.185,0.557
2022-08-12,1801.76,105.63,2.842,2.739,0.99,4280.15,3.25,2.176,0.612
2022-08-15,1779.36,106.55,2.793,2.672,0.903,4297.14,3.195,2.093,0.523
2022-08-16,1775.54,106.5,2.808,2.637,0.979,4305.2,3.268,2.083,0.584
2022-08-17,1761.05,106.57,2.902,2.643,1.078,4274.04,3.285,2.076,0.718
2022-08-18,1758.20,107.48,2.886,2.624,1.098,4283.74,3.208,2.055,0.753
2022-08-19,1747.83,108.17,2.976,2.623,1.234,4228.48,3.238,2.058,0.834
2022-08-22,1735.70,109.05,3.024,2.63,1.301,4137.99,3.316,2.07,0.883
2022-08-23,1747.67,108.62,3.057,2.639,1.321,4128.73,3.302,2.088,0.852
2022-08-24,1750.89,108.68,3.109,2.639,1.363,4140.77,3.403,2.086,0.91
2022-08-25,1758.44,108.47,3.031,2.66,1.329,4199.12,3.374,2.109,0.868
2022-08-26,1736.86,108.8,3.03,2.669,1.398,4057.66,3.382,2.11,0.972
2022-08-29,1737.82,108.83,3.114,2.657,1.505,4030.61,3.431,2.092,1.094
2022-08-30,1723.55,108.77,3.112,2.639,1.51,3986.16,3.458,2.055,1.145
2022-08-31,1710.70,108.7,3.196,2.649,1.536,3955,3.495,2.054,1.198
2022-09-01,1696.09,109.69,3.259,2.633,1.571,3966.85,3.518,2.038,1.183
2022-09-02,1711.44,109.53,3.195,2.636,1.52,3924.26,3.395,2.024,1.091
2022-09-05,1710.21,109.83,3.223,2.634,1.566,NA,3.435,2.013,1.164
2022-09-06,1701.15,110.21,3.351,2.627,1.605,3908.19,3.507,2.027,1.097
2022-09-07,1717.69,109.84,3.267,2.631,1.575,3979.87,3.439,2.015,1.084
2022-09-08,1707.28,109.71,3.323,2.638,1.712,4006.18,3.512,2.043,1.326
2022-09-09,1716.05,109,3.315,2.652,1.7,4067.36,3.563,2.023,1.319
2022-09-12,1724.07,108.33,3.358,NA,1.645,4110.41,3.576,NA,1.295
2022-09-13,1701.55,109.82,3.412,2.653,1.724,3932.69,3.746,2.031,1.384
2022-09-14,1695.80,109.66,3.404,2.66,1.698,3946.01,3.788,2.031,1.407
2022-09-15,1663.74,109.74,3.449,2.666,1.741,3901.35,3.862,2.029,1.529
2022-09-16,1674.94,109.76,3.455,2.685,1.765,3873.33,3.871,2.06,1.548
2022-09-19,1675.78,109.74,3.494,2.677,1.791,3899.89,3.946,2.063,1.602
2022-09-20,1663.11,110.21,3.569,2.665,1.939,3855.93,3.971,2.058,1.719
2022-09-21,1673.74,110.64,3.534,2.668,1.892,3789.93,4.059,2.043,1.745
2022-09-22,1670.53,111.35,3.71,2.678,1.978,3757.99,4.118,2.035,1.845
2022-09-23,1643.09,113.19,3.687,2.693,2.031,3693.23,4.203,2.05,1.907
2022-09-26,1621.57,114.1,3.928,2.723,2.092,3655.04,4.345,2.103,1.941
2022-09-27,1628.80,114.11,3.949,2.715,2.252,3647.29,4.287,2.113,1.989
2022-09-28,1659.44,112.6,3.737,2.746,2.155,3719.04,4.127,2.13,1.85
2022-09-29,1660.29,112.25,3.782,2.757,2.208,3640.47,4.192,2.137,1.827
2022-09-30,1659.67,112.12,3.829,2.782,2.109,3585.62,4.273,2.195,1.778
2022-10-03,1699.22,111.75,3.643,2.764,1.894,3678.43,4.113,2.115,1.596
2022-10-04,1726.24,110.07,3.635,NA,1.882,3790.93,4.097,NA,1.57
2022-10-05,1715.81,111.07,3.755,NA,2.017,3783.28,4.146,NA,1.657
2022-10-06,1710.85,112.26,3.828,NA,2.086,3744.52,4.256,NA,1.789
2022-10-07,1694.52,112.79,3.888,NA,2.197,3639.66,4.312,NA,1.869
2022-10-10,1667.96,113.14,3.955,2.75,2.327,3612.39,4.314,2.13,1.902
2022-10-11,1665.31,113.22,3.945,2.753,2.308,3588.84,4.314,2.095,1.845
2022-10-12,1672.51,113.32,3.902,2.748,2.346,3577.03,4.295,2.1,1.869
2022-10-13,1665.80,112.36,3.95,2.734,2.3,3669.91,4.466,2.095,1.91
2022-10-14,1641.76,113.31,4.023,2.714,2.361,3583.07,4.496,2.083,1.959
2022-10-17,1649.94,112.04,4.012,2.71,2.271,3677.95,4.45,2.075,1.956
2022-10-18,1651.83,112.13,4.007,2.706,2.278,3719.98,4.431,2.068,1.969
2022-10-19,1628.49,112.98,4.138,2.711,2.369,3695.16,4.561,2.065,2.078
2022-10-20,1627.66,112.88,4.233,2.736,2.394,3665.78,4.612,2.075,2.099
2022-10-21,1656.66,112.01,4.219,2.729,2.437,3752.75,4.483,2.09,2.04
2022-10-24,1648.60,111.99,4.247,2.725,2.344,3797.34,4.509,2.087,2.004
2022-10-25,1652.52,110.95,4.1,2.733,2.17,3859.11,4.473,2.095,1.959
2022-10-26,1664.49,109.7,4.007,2.727,2.115,3830.6,4.418,2.093,1.948
2022-10-27,1662.94,110.59,3.927,2.701,1.978,3807.3,4.282,2.064,1.797
2022-10-28,1641.76,110.75,4.01,2.683,2.086,3901.06,4.414,2.064,1.921
2022-10-31,1633.12,111.53,4.05,2.65,2.15,3871.98,4.486,2.054,1.949
2022-11-01,1647.50,111.48,4.048,2.67,2.124,3856.1,4.551,2.068,1.941
2022-11-02,1634.89,111.35,4.096,2.683,2.135,3759.69,4.611,2.066,1.975
2022-11-03,1629.15,112.93,4.149,2.676,2.251,3719.89,4.718,2.068,2.095
2022-11-04,1680.27,110.88,4.163,2.708,2.289,3770.55,4.658,2.085,2.137
2022-11-07,1674.68,110.12,4.218,2.699,2.325,3806.8,4.728,2.084,2.191
2022-11-08,1712.52,109.64,4.128,2.702,2.272,3828.11,4.657,2.123,2.205
2022-11-09,1706.32,110.55,4.099,2.701,2.177,3748.57,4.582,2.125,2.121
2022-11-10,1754.86,108.21,3.811,2.71,2.003,3956.37,4.33,2.135,1.976
2022-11-11,1770.69,106.29,NA,2.743,2.158,3992.93,NA,NA,NA
2022-11-14,1771.80,106.66,3.863,2.84,2.159,3957.25,4.399,2.275,2.122
2022-11-15,1778.25,106.4,3.777,2.826,2.098,3991.73,4.345,2.366,2.158
2022-11-16,1773.77,106.28,3.69,2.848,2.001,3958.79,4.365,2.395,2.116
2022-11-17,1760.87,106.69,3.769,2.822,2.03,3946.56,4.46,2.363,2.136
2022-11-18,1749.74,106.93,3.829,2.833,2.018,3965.34,4.531,2.355,2.096
2022-11-21,1737.81,107.83,3.84,2.829,1.977,3949.94,4.563,2.323,2.076
2022-11-22,1740.24,107.22,3.758,2.845,1.982,4003.58,4.523,2.32,2.104
2022-11-23,1749.28,106.08,3.689,2.816,1.922,4027.26,4.473,2.285,2.144
2022-11-24,1754.96,105.82,3.661,2.807,1.847,NA,4.44,2.258,2.104
2022-11-25,1756.14,105.96,3.691,2.841,1.969,4026.12,4.467,2.297,2.192
2022-11-28,1740.75,106.68,3.679,2.867,1.992,3963.94,4.444,2.305,2.181
2022-11-29,1749.73,106.82,3.75,2.911,1.913,3957.63,4.481,2.363,2.097
2022-11-30,1768.45,105.95,3.611,2.923,1.944,4080.11,4.329,2.338,2.139
2022-12-01,1802.89,104.73,3.51,2.907,1.823,4076.57,4.236,2.35,2.033
2022-12-02,1797.82,104.54,3.492,2.903,1.855,4071.7,4.284,2.331,2.114
2022-12-05,1768.39,105.29,3.583,2.922,1.884,3998.84,4.396,2.335,2.126
2022-12-06,1770.91,105.58,3.531,2.948,1.796,3941.26,4.366,2.37,2.055
2022-12-07,1786.22,105.1,3.421,2.902,1.783,3933.92,4.264,2.4,2.014
2022-12-08,1789.23,104.77,3.489,2.906,1.82,3963.51,4.314,2.418,2.066
2022-12-09,1796.63,104.81,3.586,2.925,1.923,3934.38,4.342,2.427,2.151
2022-12-12,1781.15,105.13,3.617,2.923,1.935,3990.56,4.382,2.45,2.2
2022-12-13,1810.29,103.98,3.501,2.93,1.908,4019.65,4.214,2.483,2.138
2022-12-14,1807.27,103.77,3.479,2.895,1.938,3995.32,4.216,2.466,2.138
2022-12-15,1776.66,104.56,3.45,2.909,2.092,3895.75,4.24,2.438,2.379
2022-12-16,1792.34,104.7,3.488,2.911,2.159,3852.36,4.182,2.43,2.445
2022-12-19,1787.44,104.72,3.59,2.896,2.201,3817.66,4.264,2.389,2.448
2022-12-20,1817.41,103.96,3.692,2.898,2.301,3821.62,4.266,2.423,2.516
2022-12-21,1814.13,104.16,3.673,2.898,2.303,3878.44,4.223,2.398,2.521
2022-12-22,1792.57,104.43,3.686,2.88,2.367,3822.39,4.28,2.378,2.563
2022-12-23,1797.91,104.31,3.751,2.865,2.391,3844.82,4.327,2.358,2.646
2022-12-26,1797.61,NA,3.743,2.883,2.3885,NA,4.332,2.371,2.605
2022-12-27,1813.93,104.18,3.849,2.905,2.516,3829.25,4.383,2.415,2.679
2022-12-28,1804.09,104.46,3.886,2.893,2.508,3783.22,4.357,2.395,2.674
2022-12-29,1814.89,103.84,3.82,2.882,2.463,3849.28,4.366,2.353,2.662
2022-12-30,1824.40,103.52,3.879,2.884,2.563,3839.5,4.428,2.343,2.731
2023-01-02,NA,NA,3.879,NA,2.443,NA,4.426,NA,2.687
2023-01-03,1839.49,104.52,3.752,2.873,2.376,3824.14,4.38,2.314,2.665
2023-01-04,1854.09,104.25,3.69,2.863,2.268,3852.97,4.356,2.293,2.582
2023-01-05,1833.19,105.04,3.722,2.87,2.307,3808.1,4.464,2.303,2.645
2023-01-06,1865.71,103.88,3.56,2.885,2.21,3895.08,4.258,2.36,2.592
2023-01-09,1871.59,103,3.527,2.903,2.218,3892.09,4.208,2.35,2.599
2023-01-10,1877.27,103.24,3.615,2.92,2.301,3919.25,4.247,2.412,2.649
2023-01-11,1876.38,103.19,3.543,2.917,2.184,3969.61,4.22,2.383,2.628
2023-01-12,1896.86,102.25,3.444,2.917,2.132,3983.17,4.145,2.373,2.568
2023-01-13,1920.21,102.2,3.498,2.933,2.143,3999.09,4.224,2.375,2.577
2023-01-15,NA,NA,NA,NA,2.1625,NA,NA,NA,NA
2023-01-16,1918,102.2,3.529,2.955,2.173,NA,4.241,2.419,2.57
2023-01-17,1908.39,102.39,3.549,2.945,2.085,3990.97,4.205,2.39,2.457
2023-01-18,1903.76,102.36,3.373,2.952,2.011,3928.86,4.085,2.405,2.46
2023-01-19,1931.39,102.06,3.399,2.95,2.05,3898.85,4.128,2.38,2.514
2023-01-20,1926.57,102.01,3.482,2.985,2.169,3972.61,4.177,2.4,2.577
2023-01-22,NA,NA,NA,NA,2.172,NA,NA,NA,NA
2023-01-23,1931.3,102.14,3.521,NA,2.199,4019.81,4.232,NA,2.593
2023-01-24,1937.45,101.92,3.455,NA,2.159,4016.95,4.21,NA,2.55
2023-01-25,1945.93,101.64,3.451,NA,2.16,4016.22,4.133,NA,2.536
2023-01-26,1928.99,101.84,3.506,NA,2.215,4060.43,4.189,NA,2.585
2023-01-27,1927.34,101.93,3.507,NA,2.24,4070.56,4.201,NA,2.584
2023-01-29,NA,NA,NA,2.958,2.238,NA,NA,NA,NA
2023-01-30,1922.52,102.28,3.542,2.94,2.309,4017.77,4.24,2.387,2.68
2023-01-31,1927.88,102.1,3.51,2.928,2.28,4076.6,4.205,2.345,2.649
2023-02-01,1950.42,101.22,3.417,2.935,2.296,4119.21,4.1,2.33,2.669
2023-02-02,1912.37,101.75,3.402,2.938,2.06,4179.76,4.1,2.325,2.479
2023-02-03,1865.53,102.92,3.519,2.926,2.196,4136.48,4.286,2.31,2.543
2023-02-05,NA,NA,NA,NA,2.1815,NA,NA,NA,NA
2023-02-06,1867.36,103.62,3.644,2.909,2.284,4111.08,4.474,2.436,2.603
2023-02-07,1873.81,103.43,3.679,2.901,2.312,4164,4.466,2.45,2.615
2023-02-08,1875.59,103.41,3.615,2.905,2.365,4117.86,4.429,2.45,2.714
2023-02-09,1861.39,103.22,3.664,2.897,2.306,4081.5,4.484,2.438,2.687
2023-02-10,1864.67,103.63,3.743,2.904,2.367,4090.46,4.525,2.443,2.756
2023-02-12,NA,NA,NA,NA,2.3635,NA,NA,NA,NA
2023-02-13,1853.39,103.35,3.704,2.902,2.375,4137.29,4.522,2.451,2.782
2023-02-14,1854.29,103.23,3.753,2.893,2.446,4136.13,4.622,2.441,2.858
2023-02-15,1836.19,103.92,3.803,2.897,2.48,4147.6,4.633,2.46,2.873
2023-02-16,1837.44,103.86,3.863,2.901,2.476,4090.41,4.644,2.458,2.879
2023-02-17,1841.59,103.86,3.817,2.892,2.457,4079.09,4.617,2.468,2.875
2023-02-18,NA,NA,NA,NA,2.4315,NA,NA,NA,NA
2023-02-19,NA,NA,NA,NA,2.4455,NA,NA,NA,NA
2023-02-20,1841.14,103.86,3.851,2.919,2.461,NA,4.664,2.503,2.891
2023-02-21,1834.32,104.18,3.954,2.922,2.536,3997.34,4.729,2.51,2.95
2023-02-22,1825.04,104.58,3.927,2.921,2.513,3991.05,4.697,2.5,2.92
2023-02-23,1822.64,104.6,3.89,2.925,2.47,4012.32,4.704,2.503,2.898
2023-02-24,1810.81,105.21,3.947,2.919,2.53,3970.04,4.814,2.51,3.015
2023-02-26,NA,NA,NA,NA,2.526,NA,NA,NA,NA
2023-02-27,1817.31,104.67,3.922,2.916,2.587,3982.24,4.782,2.531,3.065
2023-02-28,1827.15,104.87,3.928,2.913,2.643,3970.15,4.818,2.51,3.132
2023-03-01,1836.81,104.48,3.994,2.913,2.718,3951.39,4.878,2.51,3.202
2023-03-02,1836,105.03,4.062,2.928,2.749,3981.35,4.889,2.496,3.204
2023-03-03,1854.97,104.52,3.958,2.919,2.714,4045.64,4.861,2.485,3.211
2023-03-05,NA,NA,NA,NA,2.721,NA,NA,NA,NA
2023-03-06,1846.85,104.35,3.964,2.898,2.727,4048.42,4.886,2.468,3.303
2023-03-07,1813.52,105.61,3.97,2.89,2.692,3986.37,5.015,2.458,3.316
2023-03-08,1813.59,105.66,3.989,2.896,2.644,3992.01,5.07,2.478,3.337
2023-03-09,1830.89,105.31,3.907,2.888,2.638,3918.32,4.87,2.465,3.28
2023-03-10,1867.83,104.58,3.704,2.88,2.498,3861.59,4.593,2.48,3.072
2023-03-12,NA,NA,NA,NA,2.4965,NA,NA,NA,NA
2023-03-13,1913.23,103.6,3.545,2.883,2.275,3855.76,4.016,2.42,2.694
2023-03-14,1902.12,103.6,3.685,2.885,2.456,3920.56,4.246,2.423,2.924
2023-03-15,1918.1,104.65,3.462,2.878,2.116,3891.93,3.892,2.408,2.379
2023-03-16,1919.12,104.42,3.579,2.858,2.245,3960.28,4.174,2.4,2.56
2023-03-17,1987.93,103.71,3.438,2.867,2.131,3916.64,3.846,2.395,2.434
2023-03-19,NA,NA,NA,NA,2.0985,NA,NA,NA,NA
2023-03-20,1978.71,103.28,3.483,2.863,2.102,3951.57,3.966,2.39,2.326
2023-03-21,1940.15,103.26,3.608,2.868,2.278,4002.87,4.179,2.389,2.587
2023-03-22,1969.58,102.35,3.451,2.864,2.329,3936.97,3.96,2.398,2.701
2023-03-23,1993.5,102.53,3.414,2.874,2.19,3948.72,3.825,2.393,2.508
2023-03-24,1977.22,103.12,3.372,2.879,2.122,3970.99,3.767,2.411,2.381
2023-03-26,NA,NA,NA,NA,2.123,NA,NA,NA,NA
2023-03-27,1956.56,102.86,3.539,2.86,2.227,3977.53,4.008,2.391,2.522
2023-03-28,1973.69,102.43,3.572,2.863,2.284,3971.27,4.08,2.395,2.583
2023-03-29,1964.04,102.64,3.566,2.865,2.307,4027.81,4.101,2.385,2.634
2023-03-30,1980.25,102.14,3.547,2.86,2.368,4050.83,4.122,2.393,2.743
2023-03-31,1967.9,102.51,3.473,2.861,2.301,4109.31,4.038,2.37,2.695
2023-04-02,NA,NA,NA,NA,2.2855,NA,NA,NA,NA
2023-04-03,1984.11,102.09,3.415,2.87,2.245,4124.51,3.97,2.38,2.658
2023-04-04,2019.97,101.59,3.339,2.866,2.266,4100.6,3.821,2.38,2.628
2023-04-05,2020.35,101.85,3.309,NA,2.18,4090.38,3.792,NA,2.52
2023-04-06,2008.02,101.82,3.303,2.867,2.181,4105.02,3.829,2.388,2.547
2023-04-07,NA,102.09,3.413,2.856,2.174,NA,3.993,2.384,2.538
2023-04-10,1989.65,102.58,3.415,2.852,2.1875,4109.11,4.01,2.379,2.543
2023-04-11,2003.14,102.2,3.432,2.83,2.303,4108.94,4.033,2.363,2.704
2023-04-12,2014.67,101.5,3.4,2.82,2.36,4091.95,3.968,2.365,2.775
2023-04-13,2039.73,101.01,3.449,2.835,2.371,4146.22,3.968,2.37,2.78
2023-04-14,2003.04,101.55,3.515,2.834,2.433,4137.64,4.099,2.37,2.864
2023-04-16,NA,NA,NA,NA,2.4325,NA,NA,NA,NA
2023-04-17,1994.77,102.1,3.606,2.843,2.481,4151.32,4.205,2.382,2.875
2023-04-18,2004.93,101.75,3.578,2.838,2.47,4154.87,4.203,2.374,2.891
2023-04-19,1993.26,101.97,3.591,2.836,2.505,4154.52,4.248,2.37,2.957
2023-04-20,2004.34,101.84,3.536,2.838,2.444,4129.79,4.151,2.368,2.891
2023-04-21,1982.89,101.82,3.568,2.835,2.485,4133.52,4.18,2.37,2.921
2023-04-23,NA,NA,NA,2.838,2.4815,NA,NA,NA,NA
2023-04-24,1988.88,101.35,3.496,2.82,2.491,4137.04,4.105,2.365,2.956
2023-04-25,1997.87,101.86,3.4,2.82,2.378,4071.63,3.948,2.356,2.834
2023-04-26,1989.48,101.47,3.445,2.811,2.386,4055.99,3.949,2.342,2.78
2023-04-27,1987.87,101.5,3.528,2.788,2.453,4135.35,4.081,2.297,2.842
2023-04-28,1989.65,101.66,3.433,2.785,2.322,4169.48,4.021,2.292,2.729
2023-05-01,1982.05,102.15,3.57,NA,2.3135,4167.87,4.141,NA,2.714
2023-05-02,2016.28,101.96,3.433,NA,2.251,4119.58,3.992,NA,2.653
2023-05-03,2051.11,101.23,3.364,NA,2.247,4090.75,3.865,NA,2.678
2023-05-04,2051.11,101.4,3.377,2.771,2.194,4061.22,3.788,2.288,2.534
2023-05-05,2016.54,101.21,3.435,2.73,2.295,4136.25,3.918,2.255,2.62
2023-05-07,NA,NA,NA,NA,2.2885,NA,NA,NA,NA
2023-05-08,2021.39,101.44,3.507,2.748,2.318,4138.12,4.001,2.27,2.661
2023-05-09,2034.17,101.63,3.522,2.757,2.338,4119.17,4.026,2.265,2.667
2023-05-10,2029.51,101.41,3.439,2.725,2.296,4137.64,3.91,2.233,2.629
2023-05-11,2015.55,102.1,3.386,2.705,2.218,4130.62,3.899,2.209,2.579
2023-05-12,2011.15,102.71,3.463,2.714,2.266,4124.08,3.991,2.214,2.617
2023-05-15,2018.41,102.44,3.507,2.725,2.309,4136.28,4.01,2.24,2.642
2023-05-16,1988.6,102.6,3.541,2.717,2.34,4109.9,4.084,2.265,2.681
2023-05-17,1981.72,102.89,3.572,2.73,2.34,4158.77,4.16,2.277,2.749
2023-05-18,1958.05,103.58,3.651,2.72,2.413,4198.05,4.26,2.285,2.789
2023-05-19,1976.56,103.2,3.682,2.724,2.428,4191.98,4.279,2.269,2.786
2023-05-21,NA,NA,NA,NA,2.411,NA,NA,NA,NA
2023-05-22,1969.43,103.2,3.719,2.717,2.451,4192.63,4.32,2.24,2.831
2023-05-23,1974.73,103.49,3.698,2.703,2.465,4145.58,4.32,2.24,2.849
2023-05-24,1957.01,103.89,3.744,2.709,2.453,4115.24,4.378,2.223,2.865
2023-05-25,1940.34,104.25,3.823,2.715,2.488,4151.28,4.537,2.231,2.918
2023-05-26,1946.33,104.21,3.81,2.724,2.538,4205.45,4.568,2.236,2.977
2023-05-28,NA,NA,NA,NA,2.5345,NA,4.634,NA,NA
2023-05-29,1942.84,104.26,3.764,2.732,2.433,NA,4.601,2.216,2.917
2023-05-30,1959.14,104.17,3.694,2.726,2.36,4205.52,4.46,2.198,2.837
2023-05-31,1962.3,104.33,3.646,2.714,2.272,4179.83,4.409,2.168,2.739
2023-06-01,1977.88,103.56,3.601,2.707,2.26,4221.02,4.343,2.155,2.759
2023-06-02,1947.63,104.01,3.698,2.723,2.307,4282.37,4.511,2.166,2.845
2023-06-04,NA,NA,NA,NA,2.312,NA,NA,NA,NA
2023-06-05,1961.45,104,3.689,2.722,2.375,4273.79,4.47,2.135,2.931
2023-06-06,1962.85,104.13,3.677,2.714,2.368,4283.85,4.497,2.099,2.895
2023-06-07,1939.63,104.1,3.793,2.707,2.444,4267.52,4.552,2.103,2.981
2023-06-08,1967.76,103.34,3.718,2.71,2.424,4293.93,4.517,2.124,2.966
2023-06-09,1960.6,103.56,3.743,2.694,2.379,4298.86,4.596,2.109,2.971
2023-06-11,NA,NA,NA,NA,2.3805,NA,NA,NA,NA
2023-06-12,1956.92,103.65,3.743,2.69,2.382,4338.93,4.585,2.124,2.971
2023-06-13,1943.33,103.34,3.827,2.658,2.426,4369.01,4.677,2.103,3.034
2023-06-14,1942.99,102.95,3.79,2.653,2.443,4372.59,4.694,2.101,3.042
2023-06-15,1957.65,102.11,3.72,2.683,2.501,4425.84,4.65,2.128,3.169
2023-06-16,1957.36,102.24,3.767,2.699,2.461,4409.59,4.72,2.148,3.163
2023-06-18,NA,NA,NA,NA,2.465,NA,4.695,NA,NA
2023-06-19,1950.12,102.52,3.822,2.718,2.518,NA,4.757,2.22,3.204
2023-06-20,1935.91,102.54,3.719,2.716,2.406,4388.71,4.685,2.195,3.159
2023-06-21,1932.26,102.07,3.727,2.71,2.432,4365.69,4.72,2.19,3.186
2023-06-22,1913.52,102.39,3.797,NA,2.488,4381.89,4.791,NA,3.271
2023-06-23,1921.36,102.9,3.737,NA,2.357,4348.33,4.75,NA,3.167
2023-06-25,NA,NA,NA,2.701,2.3495,NA,NA,NA,NA
2023-06-26,1922.85,102.69,3.723,2.697,2.3,4328.82,4.744,2.18,3.142
2023-06-27,1913.35,102.49,3.772,2.703,2.365,4378.41,4.764,2.19,3.235
2023-06-28,1907.42,102.96,3.714,2.696,2.314,4376.86,4.712,2.173,3.175
2023-06-29,1908.15,103.34,3.842,2.7,2.414,4396.44,4.863,2.145,3.257
2023-06-30,1919.57,102.91,3.841,2.683,2.391,4450.38,4.904,2.115,3.267
2023-07-02,NA,NA,NA,NA,2.391,NA,NA,NA,NA
2023-07-03,1921.43,102.96,3.858,2.693,2.433,4455.59,4.94,2.115,3.319
2023-07-04,1925.09,103.04,3.839,2.705,2.455,NA,4.9,2.116,3.288
2023-07-05,1917.32,103.37,3.934,2.687,2.48,4446.82,4.947,2.105,3.289
2023-07-06,1910.8,103.1,4.031,2.7,2.6315,4411.59,4.989,2.102,3.36
2023-07-07,1924.28,102.27,4.066,2.693,2.635,4398.95,4.95,2.104,3.308
2023-07-10,1924.99,101.97,4,2.687,2.636,4409.53,4.864,2.103,3.332
2023-07-11,1931.99,101.73,3.978,2.68,2.651,4439.26,4.887,2.097,3.366
2023-07-12,1957.09,100.52,3.861,2.683,2.55,4472.16,4.748,2.108,3.287
2023-07-13,1960.19,99.77,3.767,2.683,2.465,4510.04,4.632,2.125,3.226
2023-07-14,1954.93,99.91,3.83,2.69,2.477,4505.42,4.768,2.11,3.262
2023-07-16,NA,NA,NA,NA,2.476,NA,NA,NA,NA
2023-07-17,1954.74,99.84,3.809,2.675,2.453,4522.79,4.742,2.077,3.253
2023-07-18,1978.71,99.94,3.789,2.662,2.35,4554.98,4.764,2.072,3.179
2023-07-19,1976.74,100.28,3.748,2.673,2.397,4565.72,4.768,2.075,3.187
2023-07-20,1969.62,100.88,3.856,2.658,2.449,4534.87,4.845,2.068,3.263
2023-07-21,1960.23,101.07,3.837,2.648,2.428,4536.34,4.846,2.053,3.236
2023-07-23,NA,NA,NA,NA,2.424,NA,NA,NA,NA
2023-07-24,1954.51,101.35,3.878,2.651,2.388,4554.64,4.925,2.056,3.183
2023-07-25,1964.58,101.35,3.89,2.703,2.401,4567.46,4.879,2.117,3.204
2023-07-26,1972.1,100.89,3.873,2.683,2.454,4566.75,4.85,2.103,3.267
2023-07-27,1944.99,101.77,4.002,2.675,2.435,4537.41,4.926,2.079,3.216
2023-07-28,1959.2,101.62,3.957,2.688,2.458,4582.23,4.885,2.095,3.204
2023-07-31,1964.19,101.86,3.967,2.697,2.465,4588.96,4.885,2.103,3.206
2023-08-01,1944.08,102.3,4.037,2.69,2.526,4576.73,4.906,2.078,3.216
2023-08-02,1933.56,102.59,4.09,2.699,2.508,4513.39,4.885,2.074,3.168
2023-08-03,1933.74,102.54,4.179,2.675,2.552,4501.89,4.883,2.043,3.148
2023-08-04,1941.62,102.02,4.042,2.678,2.541,4478.03,4.768,2.053,3.178
2023-08-06,NA,NA,4.048,NA,2.528,NA,NA,NA,NA
2023-08-07,1936.39,102.05,4.097,2.66,2.561,4518.44,4.777,2.11,3.13
2023-08-08,1924.82,102.53,4.028,2.65,2.441,4499.38,4.76,2.105,3.085
2023-08-09,1914.59,102.49,4.016,2.653,2.4685,4467.71,4.81,2.115,3.123
2023-08-10,1912.06,102.52,4.107,2.656,2.504,4468.83,4.85,2.123,3.138
2023-08-11,1913.32,102.84,4.158,2.652,2.62,4464.05,4.892,2.125,3.037
2023-08-14,1907.9,103.19,4.201,2.627,2.638,4489.72,4.973,2.112,3.07
2023-08-15,1901.56,103.21,4.219,2.586,2.678,4437.86,4.959,2.097,3.105
2023-08-16,1891.76,103.43,4.258,2.584,2.645,4404.33,4.967,2.094,3.075
2023-08-17,1888.89,103.57,4.284,2.573,2.7,4370.36,4.936,2.098,3.098
2023-08-18,1888.19,103.38,4.251,2.57,2.621,4369.71,4.943,2.088,3.049
2023-08-21,1893.94,103.3,4.342,2.543,2.707,4399.77,5.007,2.083,3.113
2023-08-22,1897,103.56,4.332,2.556,2.655,4387.55,5.048,2.093,3.096
2023-08-23,1914.31,103.42,4.196,2.559,2.523,4436.01,4.971,2.092,2.973
2023-08-24,1916.6,103.98,4.241,2.554,2.522,4376.31,5.023,2.09,2.969
2023-08-25,1914.53,104.08,4.231,2.573,2.557,4405.71,5.078,2.111,3.033
2023-08-28,1919.66,104.06,4.206,2.597,2.566,4433.31,5.052,2.145,3.054
2023-08-29,1937.12,103.53,4.12,2.598,2.51,4497.63,4.894,2.163,3.033
2023-08-30,1942.24,103.16,4.112,2.591,2.536,4514.87,4.882,2.128,3.061
2023-08-31,1939.74,103.62,4.106,2.589,2.471,4507.66,4.863,2.119,2.981
2023-09-01,1938.8,104.24,4.181,2.61,2.544,4515.77,4.876,2.151,2.989
2023-09-04,1938.19,104.24,4.206,2.645,2.577,NA,4.906,2.16,3.021
2023-09-05,1925.81,104.81,4.266,2.644,2.609,4496.83,4.96,2.164,3.035
2023-09-06,1916.28,104.86,4.296,2.674,2.658,4465.48,5.029,2.191,3.123
2023-09-07,1919.19,105.06,4.25,2.673,2.621,4451.14,4.953,2.24,3.088
2023-09-08,1917.81,105.09,4.26,2.673,2.598,4457.49,4.989,2.246,3.068
2023-09-09,NA,NA,NA,NA,2.6085,NA,NA,NA,NA
2023-09-11,1921.66,104.57,4.294,2.664,2.636,4487.46,4.995,2.256,3.092
2023-09-12,1913.26,104.71,4.28,2.658,2.642,4461.9,5.02,2.24,3.126
2023-09-13,1906.3,104.77,4.254,2.646,2.653,4467.44,4.971,2.2,3.168
2023-09-14,1910.32,105.4,4.286,2.628,2.595,4505.1,5.014,2.211,3.157
2023-09-15,1923.57,105.32,4.336,2.668,2.67,4450.32,5.037,2.225,3.21
2023-09-18,1933.14,105.2,4.303,2.679,2.717,4453.53,5.056,2.258,3.262
2023-09-19,1930.94,105.16,4.365,2.681,2.741,4443.95,5.092,2.264,3.287
2023-09-20,1929.68,105.12,4.399,2.684,2.704,4402.2,5.172,2.26,3.26
2023-09-21,1919.57,105.36,4.494,2.677,2.747,4330,5.144,2.251,3.264
2023-09-22,1924.99,105.58,4.438,2.693,2.735,4320.06,5.112,2.255,3.247
2023-09-25,1915.66,106,4.531,2.717,2.789,4337.44,5.127,2.276,3.221
2023-09-26,1900.49,106.23,4.55,2.72,2.799,4273.53,5.134,2.295,3.22
2023-09-27,1874.7,106.67,4.608,2.719,2.833,4274.51,5.137,2.289,3.232
2023-09-28,1864.56,106.22,4.579,2.715,2.968,4299.7,5.064,2.245,3.299
2023-09-29,1848.31,106.22,4.579,NA,2.838,4288.05,5.052,NA,3.206
2023-10-02,1827.40,106.90,4.685,NA,2.912,4288.39,5.108,NA,3.228
2023-10-03,1822.81,107.00,4.795,NA,2.9570,4229.45,5.154,NA,3.208
2023-10-04,1821.08,106.80,4.735,NA,2.9410,4263.75,5.054,NA,3.192
2023-10-05,1820.01,106.33,4.721,NA,2.8820,4258.19,5.025,NA,3.138
2023-10-06,1832.26,106.04,4.795,NA,2.8850,4308.5,5.081,NA,3.128
2023-10-09,1860.88,106.08,4.628,2.698,2.7630,4335.66,4.93,2.238,3.031
2023-10-10,1860.09,105.82,4.657,2.712,2.7810,4358.24,4.968,2.263,3.07
2023-10-11,1873.61,105.82,4.558,2.730,2.7170,4376.95,4.986,2.32,3.098
2023-10-12,1868.65,106.60,4.697,2.725,2.7860,4349.61,5.071,2.304,3.159
2023-10-13,1931.70,106.65,4.616,2.706,2.7320,4327.78,5.058,2.29,3.132
2023-10-16,1919.44,106.24,4.700,2.695,2.7820,4373.63,5.101,2.285,3.155
2023-10-17,1922.46,106.25,4.836,2.716,2.8830,4373.2,5.214,2.333,3.248
2023-10-18,1947.69,106.57,4.911,2.725,2.9220,4314.6,5.22,2.344,3.256
2023-10-19,1973.70,106.25,4.990,2.741,2.9280,4278.0,5.161,2.42,3.264
2023-10-20,1981.04,106.16,4.914,2.736,2.8830,4224.16,5.071,2.389,3.176
2023-10-23,1972.59,105.54,4.848,2.731,2.8640,4217.04,5.047,2.358,3.186
2023-10-24,1970.11,106.27,4.819,2.738,2.8330,4247.68,5.108,2.38,3.158
2023-10-25,1979.62,106.53,4.961,2.736,2.8890,4186.77,5.125,2.329,3.183
2023-10-26,1984.82,106.60,4.849,2.729,2.8500,4137.23,5.046,2.31,3.131
2023-10-27,2005.78,106.56,4.845,2.730,2.8340,4117.37,5.015,2.321,3.099
2023-10-30,1995.88,106.12,4.888,2.723,2.8270,4166.82,5.05,2.385,3.078
2023-10-31,1982.70,106.66,4.926,2.709,2.8090,4193.80,5.083,2.365,3.074
2023-11-01,1982.15,106.88,4.734,2.702,2.7580,4237.86,4.948,2.372,3.043
2023-11-02,1985.51,106.12,4.661,2.684,2.7080,4317.78,4.996,2.372,3.053
2023-11-03,1992.27,105.02,4.576,2.670,2.6380,4358.34,4.845,2.363,3.035
2023-11-06,1977.68,105.21,4.647,2.670,2.7380,4365.98,4.941,2.376,3.091
2023-11-07,1968.40,105.54,4.569,2.672,2.6670,4378.38,4.915,2.393,3.069
2023-11-08,1949.79,105.59,4.492,2.671,2.6155,4382.78,4.936,2.398,3.073
2023-11-09,1958.19,105.91,4.632,2.660,2.6530,4382.78,5.029,2.392,3.091
2023-11-10,1936.79,105.86,4.646,2.656,2.7100,4347.35,5.069,2.39,3.144
2023-11-13,1945.89,105.63,4.638,2.655,2.7200,4415.24,5.033,2.363,3.17
2023-11-14,1962.67,104.05,4.453,2.666,2.6020,4411.55,4.836,2.371,3.076
2023-11-15,1959.09,104.39,4.537,2.671,2.6310,4495.70,4.916,2.35,3.01
2023-11-16,1980.85,104.35,4.441,2.659,2.5850,4502.88,4.85,2.329,2.949
2023-11-17,1980.01,103.92,4.439,2.656,2.5900,4508.24,4.894,2.33,2.963
2023-11-20,1977.19,103.44,4.426,2.665,2.6150,4514.02,4.919,2.348,3.016
2023-11-21,1998.37,103.57,4.398,2.670,2.5550,4547.38,4.883,2.375,2.975
2023-11-22,1989.72,103.92,4.408,2.682,2.5650,4538.19,4.898,2.4,3.016
2023-11-23,1991.79,103.77,4.453,2.705,2.6230,4556.62,4.932,2.431,3.048
2023-11-24,2001.97,103.40,4.472,2.713,2.6450,4559.34,4.955,2.448,3.073
2023-11-27,2013.64,103.20,4.390,2.712,2.5550,4550.43,4.89,2.485,2.985
2023-11-28,2040.89,102.75,4.325,2.690,2.4950,4554.89,4.742,2.449,2.918
2023-11-29,2044.59,102.76,4.259,2.701,2.4240,4550.58,4.646,2.448,2.82
2023-11-30,2035.75,103.50,4.330,2.686,2.4490,4567.78,4.695,2.422,2.814
2023-12-01,2070.90,103.27,4.209,2.684,2.3610,4594.63,4.551,2.419,2.662
2023-12-04,2030.06,103.71,4.259,2.693,2.3500,4569.78,4.637,2.457,2.682
2023-12-05,2019.42,104.05,4.167,2.686,2.2380,4567.18,4.577,2.445,2.609
2023-12-06,2024.90,104.15,4.114,2.693,2.2130,4549.34,4.597,2.47,2.604
2023-12-07,2028.34,103.54,4.148,2.692,2.1970,4585.59,4.593,2.463,2.594
2023-12-08,2003.39,104.01,4.229,2.688,2.2680,4604.37,4.723,2.444,2.69
2023-12-11,1981.30,104.10,4.237,2.674,2.2630,4622.44,4.71,2.441,2.699
2023-12-12,1979.44,103.86,4.210,2.662,2.2300,4643.70,4.735,2.435,2.721
2023-12-13,2026.39,102.87,4.024,2.656,2.1680,4707.09,4.433,2.416,2.654
2023-12-14,2035.53,101.96,3.921,2.657,2.1260,4719.55,4.386,2.374,2.562
2023-12-15,2018.19,102.55,3.915,2.634,2.0130,4719.19,4.449,2.347,2.498
2023-12-18,2027.00,102.56,3.935,2.632,2.0740,4740.56,4.451,2.33,2.548
2023-12-19,2040.12,102.17,3.931,2.635,2.0160,4768.37,4.442,2.338,2.516
2023-12-20,2029.19,102.41,3.853,2.641,1.9780,4701.19,4.34,2.363,2.476
2023-12-21,2045.49,101.84,3.892,2.619,1.9540,4746.75,4.352,2.345,2.451
2023-12-22,2052.98,101.70,3.901,2.617,1.9690,4754.63,4.329,2.33,2.416
2023-12-25,2054.93,101.71,3.902,2.592,1.9745,NA,4.336,2.28,2.417
2023-12-26,2067.20,101.47,3.897,2.603,1.9775,4774.75,4.356,2.268,2.418
2023-12-27,2077.00,100.99,3.789,2.591,1.9000,4781.58,4.24,2.205,2.402
2023-12-28,2066.04,101.23,3.846,2.589,1.9410,4783.35,4.279,2.218,2.38
2023-12-29,2062.59,101.33,3.866,2.579,2.0280,4769.83,4.25,2.204,2.4
2024-01-01,2063.80,101.38,3.898,NA,2.0205,NA,4.25,NA,2.391
2024-01-02,2058.51,102.20,3.941,2.586,2.0670,4742.83,4.324,2.276,2.454
2024-01-03,2040.19,102.49,3.920,2.580,2.0170,4704.81,4.333,2.278,2.411
2024-01-04,2043.26,102.42,4.003,2.571,2.1040,4688.68,4.387,2.283,2.517
2024-01-05,2045.50,102.41,4.051,2.567,2.1430,4697.24,4.393,2.236,2.567
2024-01-08,2027.84,102.21,4.027,2.559,2.1230,4763.54,4.375,2.253,2.545
2024-01-09,2029.59,102.57,4.015,2.540,2.1890,4756.50,4.366,2.235,2.609
2024-01-10,2023.40,102.36,4.030,2.543,2.2130,4783.45,4.36,2.243,2.651
2024-01-11,2028.09,102.29,3.975,2.500,2.2070,4780.24,4.249,2.239,2.633
2024-01-12,2048.72,102.40,3.939,2.523,2.1430,4783.83,4.146,2.241,2.515
2024-01-15,2054.49,102.40,3.986,2.530,2.1990,4762.85,4.188,2.262,2.589
2024-01-16,2027.59,103.36,4.054,2.531,2.2160,4739.21,4.222,2.275,2.591
2024-01-17,2005.72,103.45,4.106,2.512,2.2740,4780.94,4.361,2.264,2.689
2024-01-18,2022.67,103.54,4.142,2.513,2.3070,4839.81,4.354,2.253,2.685
2024-01-19,2029.09,103.29,4.130,2.505,2.3040,4850.43,4.389,2.229,2.729
2024-01-22,2020.09,103.33,4.107,2.497,2.2590,4864.60,4.393,2.236,2.692
2024-01-23,2027.68,103.62,4.132,2.520,2.3490,4895.88,4.372,2.249,2.712
2024-01-24,2012.59,103.24,4.180,2.510,2.3340,4868.55,4.384,2.243,2.71
2024-01-25,2019.75,103.57,4.120,2.509,2.2830,4894.16,4.299,2.18,2.616
2024-01-26,2018.34,103.43,4.139,2.503,2.2970,4890.97,4.357,2.18,2.63
2024-01-29,2031.75,103.61,4.076,2.498,2.2390,4927.93,4.322,2.149,2.476
2024-01-30,2036.12,103.40,4.036,2.469,2.2730,4924.97,4.339,2.11,2.526
2024-01-31,2037.19,103.27,3.918,2.435,2.1610,4848.87,4.209,2.113,2.407
2024-02-01,2054.09,103.05,3.882,2.443,2.1380,4906.19,4.211,2.133,2.422
2024-02-02,2038.59,103.92,4.024,2.435,2.2290,4958.61,4.372,2.139,2.545
2024-02-05,2024.67,104.45,4.162,2.403,2.3240,4942.81,4.474,2.136,2.623
2024-02-06,2035.46,104.21,4.090,2.462,2.2970,4954.23,4.399,2.187,2.605
2024-02-07,2034.22,104.06,4.115,2.447,2.2990,4995.06,4.427,2.162,2.618
2024-02-08,2033.18,104.17,4.158,2.445,2.3560,4997.91,4.46,2.159,2.666
2024-02-09,2024.16,104.11,4.177,2.463,2.3800,5026.61,4.486,2.16,2.723
2024-02-12,2019.79,104.17,4.179,NA,2.3660,5021.84,4.48,NA,2.703
2024-02-13,1992.13,104.96,4.326,NA,2.3920,4953.17,4.67,NA,2.775
2024-02-14,1992.39,104.72,4.261,NA,2.3480,5000.62,4.582,NA,2.748
2024-02-15,2004.09,104.30,4.234,NA,2.3530,5029.73,4.578,NA,2.762
2024-02-16,2013.10,104.30,4.281,NA,2.4010,5005.57,4.644,NA,2.826
2024-02-19,2017.63,104.29,4.317,2.451,2.4110,NA,4.654,2.142,2.834
2024-02-20,2023.53,104.08,4.275,2.437,2.3700,4975.51,4.614,2.132,2.796
2024-02-21,2024.99,104.01,4.319,2.420,2.4410,4981.80,4.668,2.108,2.863
2024-02-22,2024.11,103.96,4.331,2.406,2.4350,5087.03,4.714,2.053,2.911
2024-02-23,2035.72,103.94,4.248,2.401,2.3620,5088.80,4.688,2.058,2.865
2024-02-26,2030.66,103.83,4.281,2.384,2.4310,5069.53,4.731,2.047,2.92
2024-02-27,2029.64,103.83,4.303,2.385,2.4560,5078.20,4.693,2.062,2.929
2024-02-28,2034.62,103.97,4.266,2.381,2.4620,5069.76,4.644,2.065,2.927
2024-02-29,2043.24,104.16,4.254,2.363,2.4010,5096.27,4.623,2.04,2.885
2024-03-01,2082.98,103.89,4.186,2.384,2.4130,5137.09,4.533,2.048,2.882
2024-03-04,2114.99,103.83,4.217,2.362,2.3970,5130.95,4.612,2.065,2.895
2024-03-05,2127.55,103.80,4.151,2.332,2.3220,5078.65,4.562,2.05,2.838
2024-03-06,2148.29,103.37,4.108,2.284,2.3310,5104.76,4.562,2.039,2.873
2024-03-07,2159.16,102.82,4.089,2.297,2.2940,5157.36,4.503,2.032,2.802
2024-03-08,2177.51,102.71,4.077,2.302,2.2690,5123.69,4.478,2.044,2.738
2024-03-11,2182.47,102.87,4.098,2.313,2.2970,5117.94,4.538,2.05,2.767
2024-03-12,2157.99,102.96,4.151,2.358,2.3260,5175.27,4.584,2.078,2.821
2024-03-13,2174.40,102.79,4.188,2.339,2.3550,5165.31,4.632,2.081,2.858
2024-03-14,2161.01,103.36,4.292,2.350,2.4200,5150.48,4.694,2.08,2.881
2024-03-15,2155.54,103.43,4.308,2.336,2.4370,5117.09,4.732,2.058,2.907
2024-03-18,2159.99,103.43,4.328,2.292,2.4570,5149.42,4.736,2.015,2.918
2024-03-19,2157.23,103.59,4.293,2.285,2.4500,5178.51,4.687,2.014,2.889
2024-03-20,2185.96,103.24,4.277,2.310,2.4350,5224.62,4.604,2.019,2.905
2024-03-21,2180.81,104.00,4.269,2.288,2.3980,5241.53,4.643,1.996,2.855
2024-03-22,2164.15,104.43,4.202,2.309,2.3210,5234.18,4.595,1.989,2.806
2024-03-25,2171.45,104.23,4.249,2.321,2.3750,5218.19,4.63,1.968,2.869
2024-03-26,2178.58,104.30,4.238,2.308,2.3480,5203.58,4.593,1.972,2.852
2024-03-27,2194.02,104.43,4.188,2.311,2.2910,5248.49,4.568,1.956,2.808
2024-03-28,2232.38,104.53,4.206,2.244,2.2930,5254.35,4.628,1.942,2.823
2024-04-01,2250.36,105.00,4.317,2.313,2.2970,5243.77,4.712,1.913,2.823
2024-04-02,2280.10,104.78,4.353,2.298,2.3960,5205.81,4.693,1.909,2.815
2024-04-03,2299.17,104.22,4.351,2.298,2.3750,5211.49,4.672,1.903,2.827
2024-04-04,2289.43,104.23,4.307,,2.3535,5147.21,4.645,NA,2.859
2024-04-05,2329.50,104.29,4.400,,2.4040,5204.34,4.751,NA,2.873
2024-04-08,2338.89,104.11,4.422,2.288,2.4330,5202.40,4.793,1.88,2.925
2024-04-09,2352.58,104.10,4.362,2.290,2.3685,5209.90,4.743,1.869,2.889
2024-04-10,2332.79,105.20,4.546,2.302,2.4435,5160.60,4.973,1.858,2.958
2024-04-11,2373.24,105.28,4.584,2.303,2.4585,5199.10,4.952,1.866,2.97
2024-04-12,2343.43,106.01,4.517,2.283,2.3600,5123.40,4.894,1.858,2.857
2024-04-15,2382.51,106.20,4.610,2.281,2.4350,5061.82,4.925,1.86,2.905
2024-04-16,2382.83,106.34,4.669,2.275,2.4830,5051.41,4.985,1.878,2.933
2024-04-17,2360.81,105.96,4.589,2.266,2.4645,5022.21,4.934,1.873,2.951
2024-04-18,2378.25,106.18,4.637,2.263,2.4895,5011.12,4.99,1.863,2.984
2024-04-19,2390.45,106.12,4.623,2.256,2.5015,4967.23,4.988,1.848,3.008
2024-04-22,2326.29,106.13,4.610,2.248,2.4855,5010.60,4.973,1.841,2.971
2024-04-23,2321.81,105.68,4.607,2.236,2.5070,5070.55,4.937,1.829,2.987
2024-04-24,2315.82,105.81,4.648,2.275,2.5885,5071.63,4.931,1.834,3.036
2024-04-25,2331.78,105.60,4.704,2.265,2.6310,5048.42,5,1.83,3.005
2024-04-26,2337.72,106.09,4.667,2.207,2.5770,5099.96,4.993,1.852,2.989
2024-04-29,2334.44,105.70,4.611,2.356,2.5255,5116.17,4.979,1.925,2.955
2024-04-30,2284.57,106.33,4.682,2.309,2.5895,5035.69,5.037,1.932,3.028
2024-05-01,2317.88,105.71,4.641,,2.5825,5018.39,4.969,NA,3.027
2024-05-02,2303.29,105.31,4.589,,2.5345,5064.20,4.881,NA,2.999
2024-05-03,2301.56,105.08,4.497,,2.4910,5127.79,4.806,NA,2.935
2024-05-06,2326.15,105.15,4.494,2.315,2.4615,5180.74,4.833,1.896,2.915
2024-05-07,2315.20,105.43,4.461,2.233,2.4235,5187.70,4.83,1.881,2.902
2024-05-08,2309.05,105.52,4.500,2.309,2.4645,5187.67,4.841,1.869,2.931
2024-05-09,2345.88,105.22,4.465,2.327,2.4830,5214.08,4.818,1.874,2.94
2024-05-10,2360.14,105.31,4.500,2.329,2.5115,5222.68,4.872,1.882,2.97
2024-05-13,2338.45,105.20,4.486,2.298,2.5050,5221.42,4.868,1.868,2.953
2024-05-14,2355.88,105.06,4.445,2.294,2.5375,5246.68,4.821,1.831,2.978
2024-05-15,2386.04,104.21,4.336,2.307,2.4185,5308.15,4.726,1.823,2.892
2024-05-16,2377.90,104.50,4.367,2.319,2.4545,5297.10,4.795,1.825,2.921
2024-05-17,2414.89,104.49,4.422,2.323,2.5190,5303.27,4.827,1.82,2.989
2024-05-20,2425.12,104.57,4.447,2.310,2.5305,5308.13,4.852,1.816,2.994
2024-05-21,2421.64,104.66,4.412,2.312,2.5080,5321.41,4.831,1.818,2.976
2024-05-22,2378.25,104.93,4.426,2.314,2.5380,5307.01,4.875,1.823,3.009
2024-05-23,2328.37,105.11,4.479,2.307,2.5880,5267.84,4.94,1.803,3.085
2024-05-24,2333.76,104.72,4.467,2.313,2.5800,5304.72,4.948,1.817,3.087
2024-05-27,2350.74,104.60,4.461,2.311,2.5520,,4.935,1.814,3.039
2024-05-28,2360.95,104.61,4.548,2.299,2.5995,5306.04,4.978,1.817,3.055
2024-05-29,2338.77,105.10,4.616,2.297,2.6880,5266.95,4.975,1.809,3.103
2024-05-30,2343.00,104.72,4.550,2.307,2.6560,5235.48,4.927,1.786,3.08
2024-05-31,2326.97,104.67,4.503,2.329,2.6630,5277.51,4.877,1.776,3.084
2024-06-03,2350.35,104.14,4.392,2.311,2.5850,5283.40,4.812,1.76,3.035
2024-06-04,2327.68,104.11,4.330,2.311,2.5390,5291.34,4.773,1.764,2.999
2024-06-05,2354.78,104.27,4.277,2.308,2.4980,5354.03,4.724,1.757,2.976
2024-06-06,2375.61,104.10,4.287,2.307,2.5410,5352.96,4.726,1.756,3.011
2024-06-07,2292.71,104.89,4.433,2.308,2.6160,5346.99,4.889,1.745,3.086
2024-06-10,2310.53,105.15,4.471,,2.6740,5360.79,4.885,NA,3.09
2024-06-11,2316.27,105.23,4.402,2.305,2.6220,5375.32,4.834,1.728,3.016
2024-06-12,2322.52,104.64,4.318,2.307,2.5350,5421.03,4.756,1.741,2.965
2024-06-13,2303.54,105.20,4.248,2.302,2.4930,5433.74,4.703,1.744,2.896
2024-06-14,2332.52,105.55,4.221,2.292,2.3570,5431.60,4.707,1.742,2.763
2024-06-17,2318.87,105.32,4.285,2.274,2.4130,5473.23,4.768,1.752,2.811
2024-06-18,2328.33,105.26,4.219,2.257,2.3920,5487.03,4.718,1.743,2.807
2024-06-19,2327.48,105.25,4.236,2.251,2.4080,,4.729,1.714,2.805
2024-06-20,2359.63,105.59,4.261,2.244,2.4185,5473.17,4.739,1.711,2.823
2024-06-21,2321.51,105.80,4.257,2.259,2.3970,5464.62,4.734,1.72,2.793
2024-06-24,2332.93,105.47,4.234,2.257,2.4210,5447.87,4.723,1.723,2.811
2024-06-25,2319.01,105.61,4.248,2.234,2.4110,5469.30,4.745,1.681,2.81
2024-06-26,2297.91,106.05,4.329,2.228,2.4510,5477.90,4.753,1.662,2.82
2024-06-27,2327.45,105.91,4.286,2.208,2.4530,5482.87,4.712,1.635,2.81
2024-06-28,2325.71,105.87,4.392,2.208,2.4850,5460.48,4.749,1.652,2.825
2024-07-01,2331.70,105.90,4.471,2.236,2.6050,5475.09,4.76,1.658,2.922
2024-07-02,2329.28,105.72,4.438,2.239,2.6090,5509.01,4.752,1.638,2.912
2024-07-03,2356.06,105.40,4.355,2.243,2.5590,5537.02,4.708,1.621,2.913
2024-07-04,2356.12,105.13,4.372,2.219,2.5850,,4.716,1.627,2.943
2024-07-05,2391.46,104.88,4.278,2.262,2.5320,5567.19,4.606,1.642,2.893
2024-07-08,2358.80,105.00,4.280,2.290,2.5190,5572.85,4.635,1.681,2.908
2024-07-09,2363.58,105.13,4.298,2.273,2.5600,5576.98,4.626,1.641,2.928
2024-07-10,2371.07,105.05,4.282,2.271,2.5360,5633.91,4.624,1.633,2.899
2024-07-11,2414.78,104.44,4.212,2.268,2.4710,5584.54,4.515,1.629,2.8
2024-07-12,2411.27,104.09,4.187,2.259,2.4960,5615.35,4.458,1.618,2.821
2024-07-15,2422.07,104.19,4.231,2.250,2.4700,5631.22,4.46,1.625,2.793
2024-07-16,2468.57,104.27,4.160,2.260,2.4320,5667.20,4.421,1.621,2.767
2024-07-17,2458.38,103.75,4.160,2.258,2.4210,5588.27,4.438,1.614,2.777
2024-07-18,2444.97,104.17,4.202,2.264,2.4110,5544.59,4.471,1.62,2.736
2024-07-19,2400.79,104.36,4.243,2.261,2.4630,5505.00,4.517,1.601,2.778
2024-07-22,2397.65,104.31,4.254,2.247,2.4830,5564.41,4.521,1.553,2.822
2024-07-23,2409.21,104.45,4.254,2.236,2.4380,5555.74,4.496,1.55,2.766
2024-07-24,2397.59,104.39,4.286,2.230,2.4420,5427.13,4.433,1.528,2.712
2024-07-25,2364.50,104.36,4.245,2.221,2.4130,5399.22,4.435,1.524,2.68
2024-07-26,2385.57,104.32,4.194,2.190,2.4030,5459.10,4.387,1.508,2.667
2024-07-29,2383.54,104.56,4.172,2.140,2.3600,5463.54,4.402,1.536,2.65
2024-07-30,2408.43,104.55,4.141,2.142,2.3420,5436.44,4.361,1.54,2.559
2024-07-31,2448.10,104.10,4.033,2.148,2.3020,5522.30,4.26,1.519,2.533
2024-08-01,2445.42,104.42,3.982,2.126,2.2480,5446.68,4.156,1.516,2.463
2024-08-02,2443.29,103.21,3.792,2.118,2.1600,5346.56,3.874,1.526,2.337
2024-08-05,2407.65,102.69,3.779,2.120,2.1820,5186.33,3.902,1.521,2.337
2024-08-06,2389.37,102.97,3.886,2.146,2.1810,5240.03,3.991,1.519,2.362
2024-08-07,2381.53,103.20,3.926,2.138,2.2720,5199.50,3.983,1.534,2.414
2024-08-08,2426.75,103.29,3.990,2.146,2.2690,5319.31,4.036,1.539,2.401
2024-08-09,2431.14,103.15,3.940,2.193,2.2220,5344.16,4.057,1.573,2.38
2024-08-12,2472.25,103.08,3.907,2.199,2.2250,5344.39,4.021,1.587,2.396
2024-08-13,2465.03,102.61,3.846,2.197,2.1820,5434.43,3.936,1.613,2.339
2024-08-14,2447.64,102.60,3.839,2.157,2.1770,5455.21,3.96,1.64,2.347
2024-08-15,2456.10,103.04,3.919,2.198,2.2620,5543.22,4.103,1.692,2.455
2024-08-16,2507.28,102.40,3.883,2.189,2.2580,5554.25,4.054,1.673,2.451
2024-08-19,2503.92,101.87,3.875,2.160,2.2540,5608.25,4.072,1.619,2.444
2024-08-20,2513.74,101.39,3.810,2.130,2.2150,5597.12,3.994,1.62,2.406
2024-08-21,2511.95,101.13,3.799,2.162,2.2010,5620.85,3.933,1.664,2.371
2024-08-22,2483.29,101.47,3.858,2.158,2.2450,5570.64,4.014,1.615,2.402
2024-08-23,2512.07,100.68,3.795,2.158,2.2250,5634.61,3.909,1.586,2.372
2024-08-26,2516.89,100.85,3.820,2.166,2.2490,5616.84,3.938,1.556,2.395
2024-08-27,2524.57,100.61,3.829,2.182,2.2790,5625.80,3.899,1.558,2.398
2024-08-28,2502.25,101.02,3.839,2.179,2.2540,5592.18,3.867,1.557,2.379
2024-08-29,2521.18,101.36,3.863,2.171,2.2820,5591.96,3.898,1.54,2.364
2024-08-30,2503.03,101.73,3.909,2.183,2.2900,5648.40,3.919,1.537,2.384
2024-09-02,2499.29,101.67,3.926,2.154,2.3380,,3.933,1.516,2.418
2024-09-03,2492.76,101.70,3.837,2.153,2.2740,5528.93,3.863,1.51,2.38
2024-09-04,2494.19,101.27,3.753,2.142,2.2170,5520.07,3.766,1.471,2.315
2024-09-05,2516.32,101.05,3.733,2.147,2.2080,5503.41,3.739,1.471,2.296
2024-09-06,2516.36,101.19,3.716,2.138,2.1710,5408.42,3.654,1.469,2.229
2024-09-09,2505.25,101.55,3.702,2.129,2.1710,5471.05,3.671,1.436,2.217
2024-09-10,2516.12,101.63,3.640,2.132,2.1480,5495.52,3.596,1.415,2.201
2024-09-11,2511.44,101.68,3.661,2.066,2.0980,5554.13,3.65,1.383,2.134
2024-09-12,2558.75,101.37,3.680,2.112,2.1560,5595.76,3.648,1.35,2.23
2024-09-13,2576.50,101.11,3.657,2.075,2.1490,5626.02,3.587,1.366,2.206
2024-09-16,2582.58,100.76,3.618,,2.1200,5633.09,3.555,NA,2.183
2024-09-17,2569.52,100.89,3.648,,2.1470,5634.58,3.607,NA,2.231
2024-09-18,2559.16,100.60,3.713,2.038,2.1910,5618.26,3.628,1.36,2.263
2024-09-19,2586.48,100.61,3.719,2.044,2.1920,5713.64,3.588,1.405,2.215
2024-09-20,2621.96,100.72,3.741,2.047,2.2210,5702.55,3.597,1.383,2.253
2024-09-23,2628.40,100.93,3.751,2.052,2.1750,5718.57,3.587,1.393,2.166
2024-09-24,2656.70,100.24,3.732,2.068,2.1360,5732.93,3.540,1.412,2.093
2024-09-25,2656.82,100.91,3.791,2.038,2.1890,5722.26,3.561,,2.134
2024-09-26,2670.20,100.52,3.796,2.090,2.1720,5745.37,3.627,1.380,2.112
2024-09-27,2657.97,100.38,3.751,2.180,2.1400,5738.17,3.557,,2.087
2024-09-30,2634.49,100.78,3.787,2.160,2.1320,5762.48,3.645,1.431,2.071
2024-10-01,2662.82,101.19,3.731,,2.0430,5708.75,3.606,,2.027
2024-10-02,2657.75,101.68,3.783,,2.1020,5709.54,3.637,,2.048
2024-10-03,2655.90,101.99,3.846,,2.1370,5699.94,3.705,,2.072
2024-10-04,2652.25,102.52,3.981,,2.2120,5751.07,3.924,,2.206
2024-10-07,2643.58,102.54,4.026,,2.2500,5695.94,3.995,,2.237
2024-10-08,2621.94,102.55,4.035,2.153,2.2470,5751.13,3.962,1.440,2.230
2024-10-09,2607.77,102.93,4.067,2.178,2.2570,5792.04,4.022,1.470,2.258
2024-10-10,2629.48,102.99,4.094,2.142,2.2530,5780.05,3.964,1.441,2.234
2024-10-11,2656.00,102.89,4.073,2.127,2.2740,5815.03,3.953,1.429,2.258