Date,Retail Sales (CNY 100M),Retail Sales Tot Per Annu (CNY 100M),Retail Sales Y%Y,Retail Sales Tot Growth Per Annum (%),Above Threshold Retail Sales (CNY 100M),Above Threshold Retail Sales Tot Per Annum (CNY 100M),Above Threshold Retail Sales Y%Y,Above Threshold Retail Sales Tot Growth Per Annum (%),Urban Retail Sales (CNY 100M),Urban Retail Sales Tot Per Annum (CNY 100M),Urban Retail Sales Y%Y,Urban Retail Sales Tot Growth Per Annum (%),Rural Retail Sales (CNY 100M),Rural Retail Sales Tot Per Annum (CNY 100M),Rural Retail Sales Y%Y,Rural Retail Sales Tot Growth Per Annum (%),Restraurant Revenue Value (CNY 100M),Restraurant Revenue Tot Per Annum (CNY 100M),Restraurant Revenue Y%Y,Restraurant Revenue Tot Growth Per Annum (%),Over Threshold Restraurant Revenue Value (CNY 100M),Over Threshold Restraurant Revenue Tot Per Annum (CNY 100M),Over Threshold Restraurant Revenue Y%Y,Over Threshold Restraurant Revenue Tot Growth Per Annum (%),Goods Retail Sales (CNY 100M),Goods Retail Sales Tot Per Annum (CNY 100M),Goods Retail Sales Y%Y,Goods Retail Sales Tot Growth Per Annum (%),Over Threshold Good Retail Sales (CNY 100M),Over Threshold Good Retail Sales Tot Per Annum (CNY 100M),Over Threshold Good Retail Sales Y%Y,Over Threshold Good Retail Sales Tot Growth Per Annum (%),Over Threshold Supermarket Retail Sales Tot Growth Per Annum (%),Over Threshold Department Store Retail Sales Tot Growth Per Annum (%),Over Threshold Specialty Store Retail Sales Tot Growth Per Annum (%),Over Threshold Exclusive Store Retail Sales Tot Growth Per Annum (%),Over Threshold Convenient Store Retail Sales Tot Growth Per Annum (%),Online Retail Sales Tot Per Annum (CNY 100M),Online Retail Sales Tot Growth Per Annum (%),Physical Goods Online Retail Sales Tot Per Annum (CNY 100M),Physical Goods Online Retail Sales Tot Growth Per Annum (%),Physical Goods (food) Online Retail Sales Tot Growth Per Annum (%),Physical Goods (apparel) Online Retail Sales Tot Growth Per Annum (%),Physical Goods (others) Online Retail Sales Tot Growth Per Annum (%)
2024-05-01,39211.0,195236.9,3.7,4.1,14988.2,73858.0,3.4,4.0,34111.2,169417.9,3.7,4.0,5099.8,25819.0,4.1,4.7,4274.0,21634.4,5.0,8.4,1215.4,5858.2,2.5,5.9,34937.0,173602.5,3.6,3.5,13772.8,67999.8,3.5,3.9,1.8,-3.2,5.1,-1.0,4.9,57668.8,12.4,48280.4,11.5,19.6,9.0,10.8
2024-04-01,35699.1,156025.8,2.3,4.1,13640.9,58873.8,0.9,4.2,31026.4,135306.7,2.1,4.0,4672.7,20719.1,3.5,4.8,3915.2,17360.3,4.4,9.3,1099.8,4638.3,0.0,6.9,31783.9,138665.5,2.0,3.5,12541.1,54235.5,0.9,4.0,1.8,-3.5,5.7,-0.6,4.8,44110.3,11.5,37355.7,11.1,19.2,10.5,9.8
2024-03-01,39019.9,120326.8,3.1,4.7,15535.1,45450.8,2.6,5.2,33843.4,104280.3,3.0,4.6,5176.5,16046.5,3.8,5.2,3964.0,13445.2,6.9,10.8,1173.8,3551.1,3.2,9.2,35055.9,106881.6,2.7,4.0,14361.3,41899.7,2.5,4.9,2.2,-2.4,6.3,1.1,5.2,33081.8,12.4,28052.5,11.6,21.1,12.1,9.7
2024-02-01,,81306.9,,5.5,,29919.7,,6.7,,70436.9,,5.5,,10870,,5.8,,9481.2,,12.5,,2374.2,,12.4,,71825.7,,4.6,,27545.5,0.9,-3.0,7.8,4.2,5.8,21535.4,15.3,18206.5,14.4,26.1,17.8,10.8
2024-01-01,
2023-12-01,43550.2,471495.2,7.4,7.2,17885.4,178563.1,6.6,6.5,37071.0,407490.3,7.2,7.1,6479.2,64004.9,8.9,8.0,5405.1,52889.7,30.0,20.4,1252.5,13355.9,37.7,20.9,38145.1,418605.5,4.8,5.8,16632.9,165207.2,4.8,5.5,-0.4,8.8,4.9,4.5,7.5,154264.2,11.0,130173.8,8.4,11.2,10.8,7.1
2023-11-01,42505.0,427945.0,10.1,7.2,16857.8,161540.2,10.0,6.5,36530.2,370419.2,10.0,7.1,5974.8,57525.7,10.4,7.9,5579.9,47484.6,25.8,19.4,1151.7,12162.5,24.6,19.4,36925.1,380460.4,8.0,5.9,15706.1,149377.7,9.0,5.6,-0.5,7.7,5.1,4.5,7.4,139570.6,11.0,117708.8,8.3,12.0,9.2,7.5
2023-10-01,43333.0,385440,7.6,6.9,15362.6,144741.9,8.7,6.1,37478.8,333889.0,7.4,6.8,5854.2,51551.0,8.9,7.6,4799.6,41904.6,17.1,18.5,1204.8,10941.1,18.0,18.8,38533.4,343535.4,6.5,5.6,14157.8,133800.8,7.9,5.2,-0.6,7.2,4.7,3.6,7.3,122914.7,11.2,103009.7,8.4,11.3,7.6,8.2
2023-09-01,39826.0,342107,5.5,6.8,15890.3,129424.6,5.2,5.9,33984.6,296410.2,5.4,6.7,5841.3,45696.8,6.3,7.4,4286.8,37105.0,13.8,18.7,1158.4,9701.8,12.8,18.9,35539.2,305002,4.6,5.5,14731.9,119722.8,4.7,4.9,-0.4,7.7,4.3,3.1,7.5,108198.5,11.6,90435,8.9,10.4,9.6,8.5
2023-08-01,37932.7,302281,4.6,7,14460.8,113364.2,3.1,5.9,32973.7,262425.5,4.4,6.9,4958.9,39855.5,6.3,7.6,4212.1,32818.3,12.4,19.4,1124.9,8510.5,10.4,19.8,33720.6,269462.8,3.7,5.6,13335.8,104853.7,2.5,5,-0.5,7.9,4.1,3.1,7.3,95386.6,12.1,79820.6,9.5,8.4,10.9,9.2
2023-07-01,36760.7,264348.4,2.5,7.3,13762,98981.8,0.3,6.4,31920.1,229451.8,2.3,7.3,4840.6,34896.5,3.8,7.7,4277.4,28606.2,15.8,20.5,1116,7364.5,10.9,21.4,32483.4,235742,1,5.9,12645.5,91617.2,-0.5,5.3,-0.5,8.2,4.5,3.5,7.5,83097.5,12.5,69856.1,10,8.7,12,9.5
2023-06-01,39951.4,227587.6,3.1,8.2,16658.3,85341.3,2.3,7.4,34563.5,197531.7,3,8.1,5387.9,30055.9,4.2,8.4,4370.8,24328.9,16.1,21.4,1134.2,6229.6,15.4,23.5,35580.6,203258.8,1.7,6.8,15524.1,79111.7,1.4,6.3,-0.4,9.8,5.4,4.6,8.2,71621.2,13.1,60622.7,10.8,8.9,13.3,10.3
2023-05-01,37803.3,187636.3,12.7,9.3,14033.4,68720.6,12.5,8.7,32906.1,162968.3,12.7,9.3,4897.2,24668,12.8,9.4,4070.1,19958,35.1,22.6,1084.5,5085.5,31.4,25.4,33733.2,167678.2,10.5,7.9,12948.9,63635.1,11.1,7.5,-0.3,11.4,6.8,6,8,56905.7,13.8,48054.7,11.8,8.4,14.6,11.5
2023-04-01,34910.5,149832.9,18.4,8.5,13228.1,55500.7,19,7.8,30397.9,130062.2,18.6,8.4,4512.6,19770.7,17.3,8.6,3751.5,15887.9,43.8,19.8,1011,4017.5,44.6,23.9,31159,133945,15.9,7.3,12217.1,51483.2,17.3,6.7,0.7,11.1,6.5,2.9,8.1,44107.9,12.3,37164.3,10.4,9,13.5,9.6
2023-03-01,37855.4,114922.4,10.6,5.8,15459.1,43691.3,10.1,4.8,32868,99664.3,10.7,5.7,4987.4,15258.1,10,6.2,3707.1,12136.5,26.3,13.9,1076.9,3065,37.2,18.3,34148.3,102786,9.1,4.9,14382.2,40626.3,8.5,3.9,1.4,9.2,5.7,0.2,8.8,32862.6,8.6,27835.1,7.3,7.3,8.6,6.9
2023-02-01,,77067,,3.5,,28485.8,,2.1,,66796.3,,3.4,,10270.7,,4.5,,8429.4,,9.2,,2002.2,,10.2,,68637.6,,2.9,,26483.6,,1.5,2.3,5.5,3.6,-5.4,10,20543.8,6.2,17475.6,5.3,5.3,4,5.7
2023-01-01,
2022-12-01,40542.3,439732.5,-1.8,-0.2,17070.7,170903.3,-1.3,1.4,34594.4,380447.7,-1.8,-0.3,5947.9,59284.8,-1.3,0,4157.1,43940.8,-14.1,-6.3,881.6,10650.3,-17.8,-5.9,36385.3,395791.7,-0.1,0.5,16189.1,160253.1,-0.2,1.9,3,-9.3,3.5,0.2,3.7,137853.2,4,119642.1,6.2,16.1,3.5,5.7
2022-11-01,38615.1,399190.2,-5.9,-0.1,15606.6,153895.3,-5.8,1.7,33204.2,345853.3,-6,-0.1,5410.9,53336.9,-5.2,0.2,4435.3,39783.7,-8.4,-5.4,888.6,9745,-7.5,-4.6,34179.9,359406.5,-5.6,0.5,14718,144150.3,-5.7,2.1,3.1,-8,3.6,0,4.3,124585,4.2,108098.3,6.4,15.1,3.4,6.1
2022-10-01,40270.5,360575.1,-0.5,0.6,14290.6,138115.8,-0.5,2.6,34896.1,312649.1,-0.6,0.5,5374.5,47926,0.2,0.8,4099.4,35348.5,-8.1,-5,977.8,8832.2,-7.7,-4.3,36171.2,325226.6,0.5,1.2,13312.8,129283.6,0,3.1,3.7,-6.8,4.6,0.7,4.6,109542.4,4.9,94505.7,7.2,16.7,5.3,6.5
2022-09-01,37744.9,320304.6,2.5,0.7,15234.4,123844.7,6.1,3,32249.5,277753.1,2.5,0.7,5495.3,42551.5,2.3,0.9,3767.3,31249.1,-1.7,-4.6,981.6,7833.6,0.1,-3.9,33977.5,289055.5,3,1.3,14252.8,116011.1,6.6,3.5,4,-6.3,5.1,0.7,4.9,95884,4,82373.7,6.1,15.6,4.7,5.2
2022-08-01,36257.9,282559.7,5.4,0.5,14017.9,108653.1,9.3,2.6,31593.2,245503.5,5.5,0.4,4664.7,37056.2,5,0.7,3747.6,27481.8,8.4,-5,967.4,6828.9,12.9,-4.4,32510.3,255077.9,5.1,1.1,13050.5,101824.3,9.1,3.1,4.1,-6.6,4.6,-0.5,4.8,84294.9,3.7,72413.5,5.8,16.5,4,4.8
2022-07-01,35870.1,246301.8,2.7,-0.2,13737.1,94749.6,6.8,1.7,31204.8,213910.4,2.7,-0.3,4665.3,32391.5,2.6,0.1,3694.2,23734.2,-1.5,-6.8,958.8,5846.7,-1.2,-6.8,32175.9,222567.6,3.2,0.5,12778.3,88902.9,7.5,2.3,4.1,-7.4,3.7,-2.3,4.6,73223.8,3.2,63152.5,5.7,15.7,3.4,5
2022-06-01,38742.5,210431.7,3.1,-0.7,16540.6,81231.2,8.1,0.8,33571.2,182705.6,3.1,-0.8,5171.2,27726.2,2.7,-0.3,3765.7,20040,-4,-7.7,945,4879.2,-2.2,-7.8,34976.7,190391.7,3.9,0.1,15595.6,76352,8.8,1.4,4.2,-8.4,2.8,-4.1,4.7,63006.5,3.1,54493.2,5.6,15.7,2.4,5.1
2022-05-01,33547,171689.3,-6.7,-1.5,12713,64614,-6.5,-0.9,29204.9,149134.3,-6.7,-1.6,4342.2,22554.9,-6.3,-1,3012.3,16274.3,-21.1,-8.5,785.7,3905.8,-20.8,-9.1,30534.7,155415,-5,-0.7,11927.3,60708.2,-5.3,-0.3,4,-10.3,4,-7.6,4.7,49604.4,2.9,42718.3,5.6,16,-1.6,6.3
2022-04-01,29483.1,138142.2,-11.1,-0.2,11012,51586.5,-14,0.6,25637,119929.5,-11.3,-0.3,3846.1,18212.8,-9.8,0.4,2608.9,13262,-22.7,-5.1,652.6,3063.7,-24,-5.6,26874.2,124880.2,-9.7,0.4,10359.3,48522.8,-13.3,1,3.6,-8.2,2.5,-5.9,6.8,38691.8,3.3,32886.7,5.2,12.9,-1.7,6.3
2022-03-01,34233.1,108659.1,-3.5,3.3,13630.7,40600.2,-1.4,5.4,29699.4,94292.5,-3.6,3.2,4533.7,14366.6,-3.3,3.5,2935.3,10653.1,-16.4,0.5,727.8,2408.2,-15.6,0.9,31297.8,98006,-2.1,3.6,12903,38191.9,-0.4,5.7,3.2,-3.3,6.6,1,10.1,30129.6,6.6,25256.5,8.8,13.5,0.9,10.6
2022-02-01,,74426,,6.7,,27229.6,,9.1,,64593.1,,6.7,,9832.9,,7.1,,7717.8,,8.9,,1719.9,,10.1,,66708.2,,6.5,,25509.6,,9.1,3,2.1,10.3,5.3,12.8,19558.2,10.2,16371.1,12.3,12.7,3.9,15.1
2022-01-01,
2021-12-01,41268.9,440823.2,1.7,12.5,16703.2,164148.1,1.6,13.4,35242.8,381558.4,1.5,12.5,6026.1,59264.8,2.8,12.1,4841.1,46894.9,-2.2,18.6,985,10434.3,-0.1,23.5,36427.8,393928.3,2.3,11.8,15718.2,153713.7,1.7,12.8,,,,,,130883.5,14.1,108042.4,12,17.8,8.3,12.5
2021-11-01,41043.2,399554.3,3.9,13.7,16030.8,147515.5,4.2,14.9,35337.5,346315.6,3.7,13.8,5705.7,53238.7,4.8,13.3,4843.1,42053.8,-2.7,21.6,880.1,9412.9,-0.3,26.7,36200.1,357500.5,4.8,12.8,15150.7,138102.6,4.5,14.2,,,,,,118749.2,15.4,98056.1,13.2,18.8,11.1,13.1
2021-10-01,40453.9,358511.1,4.9,14.9,13866.7,131281,4.6,16.4,35089.9,310978.1,4.8,15,5364,47533,5.6,14.4,4460.3,37210.7,2,25.7,976.3,8536,4,30.4,35993.6,321300.4,5.2,13.8,12890.4,122745,4.7,15.5,,,,,,103765.4,17.4,84979.3,14.6,19,14.1,14.3
2021-09-01,36833,318057.2,4.4,16.4,13902,117587.9,2.8,17.9,31461.8,275888.2,4.2,16.5,5371.2,42169,5.4,15.6,3831.3,32750.4,3.1,29.8,902.8,7553.2,5.5,34.8,33001.6,285306.8,4.5,15,12999.2,110034.7,2.7,17,,,,,,91870.9,18.5,75041.8,15.2,20.2,15.6,14.5
2021-08-01,34394.9,281224.2,2.5,18.1,12342.5,103568.4,0.5,20.3,29950.3,244426.4,2.3,18.3,4444.5,36797.8,3.4,17.2,3455.8,28919,-4.5,34.4,785.3,6631.7,-4.2,40.2,30939,252305.2,3.3,16.5,11557.1,96936.6,0.8,19.2,,,,,,81226.7,19.7,66340,15.9,22.4,19.4,14.2
2021-07-01,34925.1,246829.4,8.5,20.7,12425.2,91259.5,8.5,23.6,30378.5,214476.1,8.4,20.9,4546.5,32353.3,8.8,19.4,3751.4,25463.2,14.3,42.3,895.8,5842.1,20.7,49.5,31173.7,221366.2,7.8,18.7,11529.4,85417.4,7.7,22.2,,,,,,71108.1,21.9,58130,17.6,23.7,21.6,15.8
2021-06-01,37585.8,211904.3,12.1,23,14890.7,78939.3,13.2,26.4,32551.5,184097.6,12,23.3,5034.3,27806.7,12.5,21.4,3922.8,21711.8,20.2,48.6,897.3,4945,28.6,56.3,33663,190192.5,11.2,20.6,13993.4,73994.3,12.3,24.8,,,,,,61132.5,23.2,50262.7,18.7,23.5,24.1,16.7
2021-05-01,35945.1,174318.5,12.4,25.7,13214.4,63974.4,12.7,29.9,31312.7,151546.1,12.3,26,4632.4,22772.5,13.2,23.5,3816.3,17789,26.6,56.8,923.8,4035.4,40.8,64.2,32128.8,156529.5,10.9,22.9,12290.7,59939,11.1,28.1,,,,,,48238.9,24.7,39376.9,19.9,24.2,28.2,17
2021-04-01,33152.6,138373.4,17.7,29.6,12592.4,50752.8,18.5,35.3,28888,120233.4,17.6,30.1,4264.6,18140.1,17.8,26.5,3376.9,13972.8,46.4,67.7,817.6,3105.6,60.3,72.7,29775.8,124400.7,15.1,26.4,11774.8,47647.2,16.4,33.4,,,,,,37638.1,27.6,30773.5,23.1,24.5,33.8,20
2021-03-01,35484.1,105220.8,34.2,33.9,13699.7,38140,38.6,42,30793.8,91345.4,34,34.6,4690.2,13875.4,34.9,29.4,3510.5,10595.9,91.6,75.8,822.4,2284.7,115.2,77.7,31973.5,94624.9,29.9,30.4,12877.3,35855.3,35.6,40.2,,,,,,28092.7,29.9,23067.3,25.8,30.5,39.6,21.4
2021-02-01,,69736.8,,33.8,,24374.5,,43.9,,60551.6,,34.9,,9185.2,,26.7,,7085.4,,68.9,,1458.5,,61.8,,62651.4,,30.7,,22916,,42.9,,,,,,17586.8,32.5,14412.2,30.6,41.6,44.3,25.1
2021-01-01,
2020-12-01,40566,391980.6,4.6,-3.9,16300.8,143322.9,6.4,-1.9,34706,339119,4.4,-4,5860,52861.7,5.9,-3.2,4949.7,39527.3,0.4,-16.6,959.4,8231.8,3.6,-14,35616.3,352453.3,5.2,-2.3,15341.4,135091.1,6.6,-1,,,,,,117601.3,10.9,97590.3,14.8,30.6,5.8,16.2
2020-11-01,39514.2,351414.7,5,-4.8,15190.3,127123.6,8.3,-2.8,34071.9,304413,4.9,-4.9,5442.3,47001.7,5.6,-4.3,4979.7,34577.6,-0.6,-18.6,860.2,7267.5,1.8,-15.9,34534.4,316837,5.8,-3,14330.1,119856.2,8.7,-1.9,,,,,,105374.1,11.5,87792,15.7,32.9,5.9,17.1
2020-10-01,38576.5,311900.5,4.3,-5.9,13095,111887.7,7.1,-4.2,33498,270341.1,4.2,-6,5078.5,41559.4,5.1,-5.4,4372.3,29597.9,0.8,-21,911.7,6388.9,6.1,-17.8,34204.1,282302.5,4.8,-4,12183.2,105498.8,7.2,-3.2,,,,,,91275.3,10.9,75619.3,16,34.3,5.6,17.4
2020-09-01,35294.7,273324,3.3,-7.2,13376.4,98573.5,5.3,-5.5,30200.1,236843.1,3.2,-7.3,5094.6,36480.9,4,-6.7,3715.1,25225.6,-2.9,-23.9,835.8,5464.6,1.9,-20.8,31579.5,248098.4,4.1,-5.1,12540.5,93108.8,5.6,-4.4,,,,,,80064.7,9.7,66476.9,15.3,35.7,3.3,16.8
2020-08-01,33570.6,238029.4,0.5,-8.6,12136.1,85316.9,4.4,-7,29272.7,206643,0.5,-8.7,4297.9,31386.4,0.7,-8.3,3619.3,21510.4,-7,-26.6,796.1,4628.4,-3.5,-23.8,29951.3,216518.9,1.5,-6.3,11340,80688.5,5.1,-5.8,,,,,,70325.9,9.5,58650.7,15.8,35.4,1.1,18.3
2020-07-01,32202.5,204458.7,-1.1,-9.9,11351.3,73332.1,2.2,-8.6,28025,177370.3,-1.1,-10,4177.5,27088.4,-1.3,-9.5,3282.5,17891.1,-11,-29.6,721.2,3831.4,-8.2,-27,28920,186567.6,0.2,-7.5,10630.2,69500.7,3,-7.3,,,,,,60785.1,9,51017.6,15.7,38.2,-0.9,18.6
2020-06-01,33525.9,172256.2,-1.8,-11.4,13106.9,62374.8,-0.4,-10.3,29051.6,149345.3,-2,-11.5,4474.3,22910.9,-1.2,-10.9,3262.4,14608.6,-15.2,-32.8,684.7,3119.2,-12.9,-30.2,30263.5,157647.6,-0.2,-8.7,12422.2,59255.6,0.4,-9,,,,,,51500.9,7.3,43480.7,14.3,38.8,-2.9,17.3
2020-05-01,31972.8,138730.3,-2.8,-13.5,11664.2,49317.2,1.3,-12.7,27880.9,120293.7,-2.8,-13.5,4091.8,18436.6,-3.2,-13,3013.3,11346.2,-18.9,-36.5,644.7,2433.5,-15.4,-33.9,28959.5,127384.1,-0.8,-10.6,11019.5,46883.7,2.5,-11.2,,,,,,40175.8,4.5,33738.8,11.5,37,-6.8,14.9
2020-04-01,28177.8,106757.5,-7.5,-16.2,10588.3,37607.7,-3.2,-16.3,24557.7,92412.7,-7.5,-16.3,3620.1,14344.8,-7.7,-15.4,2306.6,8332.9,-31.1,-41.2,505.3,1786,-27.9,-38.6,25871.2,98424.6,-4.6,-13.1,10083,35821.7,-1.5,-14.7,,,,,,30698,1.7,25751,8.6,36.7,-12,12.4
2020-03-01,26449.9,78579.7,-15.8,-19,9984.3,27049.1,-15,-20.5,22974,67855,-15.9,-19.1,3475.9,10724.7,-15.1,-17.7,1832,6026.3,-46.8,-44.3,390.3,1277.6,-46.7,-41.9,24617.9,72553.4,-12,-15.8,9594,25771.5,-12.9,-18.9,,,,,,22168.8,-0.8,18535.7,5.9,32.7,-15.1,10
2020-02-01,,52129.8,,-20.5,,16949.8,,-23.4,,44881.1,,-20.7,,7248.8,,-19,,4194.3,,-43.1,,928.2,,-39.7,,47935.5,,-17.6,,16021.6,,-22.2,,,,,,13712,-3,11233.2,3,26.4,-18.1,7.5
2020-01-01,
2019-12-01,38776.7,411649,8,8,15337.6,148009.9,4.4,3.9,32703.8,351317.5,7.8,7.9,6072.9,60331.5,9.1,9,4824.6,46720.7,9.1,9.4,914,9444.9,6.1,7.1,33952.1,364928.3,7.9,7.9,14423.6,138565.1,4.3,3.7,,,,,,106324.2,16.5,85239.5,19.5,30.9,15.4,19.8
2019-11-01,38093.8,372872.3,8,8,13964.7,132639.1,4.4,3.9,32345.4,318613.7,7.9,7.9,5748.4,54258.6,9.1,9,4963.7,41896,9.7,9.4,831,8528.2,8.1,7.2,33130.1,330976.3,7.8,7.9,13133.7,124111,4.2,3.7,,,,,,94957.8,16.6,76032.3,19.7,29.6,16.5,19.8
2019-10-01,38104.3,334778.5,7.2,8.1,12322.1,118918.8,1.2,3.8,32744.1,286268.3,7,7.9,5360.2,48510.2,8.6,9,4367.5,36932.3,9,9.4,846.2,7695.2,5.6,7.1,33736.9,297846.2,7,7.9,11475.9,111223.6,0.9,3.6,,,,,,82307.1,16.4,65172.2,19.8,34.8,7.1,16.6
2019-09-01,34494.9,296674.2,7.8,8.2,12835.4,106691.9,3.1,4.1,29112.4,253524.1,7.5,8,5382.5,43150,9,9,3770.2,32564.8,9.4,9.4,814.5,6862.1,7.1,7.3,30724.7,264109.3,7.6,8,12020.9,99829.8,2.9,3.9,,,,,,73237,16.8,57776.9,20.5,28.9,18.6,20.3
2019-08-01,33896.3,262179.3,7.5,8.2,11772.1,93880.9,2,4.3,29134.3,224411.7,7.2,8.1,4762.1,37767.6,8.9,9,3857.1,28794.6,9.7,9.4,814.6,6048.4,7.6,7.3,30039.2,233384.6,7.2,8.1,10957.4,87832.6,1.6,4.1,,,,,,64393,16.8,50745.5,20.8,30.6,19.7,20.2
2019-07-01,33073.3,228282.9,7.6,8.3,11412.1,82446.2,2.9,4.6,28353.8,195277.5,7.4,8.2,4719.5,33005.5,8.6,9,3658,24937.5,9.4,9.4,777.3,5238.1,7.3,7.2,29415.2,203345.4,7.4,8.2,10634.8,77208.1,2.6,4.4,,,,,,55972.5,16.8,44233.3,20.9,29.9,20.4,20.2
2019-06-01,33878.1,195209.7,9.8,8.4,13163.4,71124.2,9.7,4.9,28959,166923.7,9.8,8.3,4919.2,28286,10.1,9.1,3723.3,21279.5,9.5,9.4,788.7,4497,7.6,7.2,30154.8,173930.2,9.9,8.3,12374.7,66627.1,9.8,4.7,,,,,,48160.6,17.8,38164.9,21.6,29.3,21.4,20.9
2019-05-01,32955.7,161331.6,8.6,8.1,11693.8,57924,5.1,3.9,28303.9,137964.7,8.5,8,4651.8,23366.9,9,8.9,3631.3,17556.2,9.4,9.3,754.8,3701.9,7.1,7.1,29324.4,143775.4,8.5,8,10939,54222.2,5,3.6,,,,,,38641.3,17.8,30414.5,21.7,28.5,21.2,21.2
2019-04-01,30586.1,128375.8,7.2,8,11120.1,46211.9,2,3.5,26259,109660.8,7.1,7.9,4327.1,18715.1,7.8,8.9,3280.7,13924.8,8.5,9.3,691.2,2920.6,4.8,7.1,27305.3,114451,7,7.9,10428.8,43291.3,1.8,3.3,,,,,,30439.3,17.8,23933.2,22.2,26.7,23.7,21.2
2019-03-01,31725.7,97789.7,8.7,8.3,11952.5,35078.2,5.1,4.1,27191.8,83401.7,8.5,8.2,4533.9,14388,9.4,9.2,3393,10644.1,9.5,9.6,725.8,2225.8,7.5,7.9,28332.8,87145.7,8.6,8.2,11226.8,32852.4,5,3.8,,,,,,22378.7,15.3,17772,21,24.6,19.1,21.3
2019-02-01,,66064,,8.2,,23096,,3.5,,56210,,8,,9854,,9.1,,7251,,9.7,,1517,,8.1,,58813,,8,,21580,,3.2,,,,,,13982.8,13.6,10901,19.5,20.2,15.6,20.8
2019-01-01,
2018-12-01,35893.5,380986.9,8.2,9,15084,145311.3,2.4,5.7,30328.9,325636.9,8,8.8,5564.6,55350,9.3,10.1,4421.6,42715.9,9,9.5,909.3,9236.4,5.5,6.4,31471.9,338271,8,8.9,14174.7,136074.9,2.2,5.7,,,,,,90065,23.9,70198.2,25.4,33.8,22,25.9
2018-11-01,35259.7,345093.4,8.1,9.1,13678.7,130829.9,2.1,6.1,29990,295308,7.9,8.9,5269.7,49785.3,9.3,10.2,4525,38294.3,8.6,9.5,816.7,8356.8,4,6.5,30734.7,306799.1,8,9,12862.1,122473.1,2,6.1,,,,,,80688.6,24.1,62710.3,25.4,36.3,21.2,25.8
2018-10-01,35534.4,309833.7,8.6,9.2,12478.6,117177.5,3.7,6.6,30600.6,265318,8.4,9,4933.8,44515.6,9.7,10.3,4006,33769.3,8.8,9.6,848.5,7540.3,5,6.8,31528.4,276064.3,8.5,9.1,11630.1,109637.1,3.6,6.6,,,,,,70539.1,25.5,54140.7,26.7,36.1,22.5,27.2
2018-09-01,32005.4,274299.3,9.2,9.3,12761.7,104792.1,5.7,6.9,27069,234717.5,9,9.1,4936.4,39581.8,10.5,10.4,3446.9,29763.4,9.4,9.8,800.1,6692.8,6.9,7,28558.5,244535.9,9.2,9.2,11961.6,98099.3,5.6,6.9,,,,,,62784.6,27,47937.7,27.7,43.8,23.3,27.7
2018-08-01,31542.3,242293.9,9,9.3,11832.2,92367.7,6,7.1,27169,207648.5,8.8,9.1,4373.3,34645.4,10.2,10.4,3516.1,26316.4,9.7,9.8,791.1,5907.4,7.5,7.1,28026.2,215977.4,8.9,9.2,11041.1,86460.3,5.9,7.1,,,,,,55195.5,28.2,41993.1,28.6,42.7,23.4,29
2018-07-01,30733.7,210751.6,8.8,9.3,11419,81125.2,5.7,7.3,26388.2,180479.6,8.6,9.1,4345.5,30272.1,10.1,10.4,3343.2,22800.4,9.4,9.8,763.8,5146.4,6,7,27390.5,187951.2,8.7,9.2,10655.2,75978.8,5.7,7.3,,,,,,47862.7,29.3,36460.9,29.1,41.6,23.9,29.7
2018-06-01,30841.6,180017.9,9,9.4,12448.3,69937.6,6.5,7.5,26374.9,154091.3,8.8,9.2,4466.6,25926.6,10.4,10.5,3400.6,19457.2,10.1,9.9,777,4399.4,7.8,7.2,27441,160560.7,8.9,9.3,11671.3,65538.2,6.4,7.6,,,,,,40810,30.1,31276.6,29.8,42.3,24.1,30.7
2018-05-01,30359.1,149176.4,8.5,9.5,11476.7,57517.7,5.5,7.8,26092.2,127716.4,8.3,9.3,4266.9,21460,9.6,10.5,3320.7,16056.6,8.8,9.8,741.1,3629.6,4.5,7.1,27038.4,133119.7,8.4,9.4,10735.6,53888.1,5.6,7.8,,,,,,32690.6,30.7,24819,30,42.4,24.9,30.7
2018-04-01,28541.9,118817.3,9.4,9.7,11240.6,46136.9,7.8,8.4,24527.7,101624.2,9.2,9.6,4014.2,17193.1,10.6,10.7,3024.5,12736,9.6,10.1,700.2,2889,6.9,7.7,25517.4,106081.3,9.4,9.7,10540.4,43247.9,7.8,8.4,,,,,,25791.5,32.4,19494.9,31.2,44.9,28,31.1
2018-03-01,29193.6,90275.4,10.1,9.8,11831.8,34941,9,8.5,25050.3,77096.5,9.9,9.7,4143.4,13178.9,10.9,10.7,3098.6,9711.5,10.6,10.3,719.3,2186.3,9.7,8,26095,80563.9,10,9.8,11112.5,32754.7,8.9,8.6,,,,,,19318.5,35.4,14567.1,34.4,46.5,33.9,33.3
2018-02-01,,61081.8,,9.7,,23242,,8.3,,52046.2,,9.6,,9035.6,,10.7,,6612.9,,10.1,,1479.5,,7.1,,54468.9,,9.7,,21762.5,,8.4,,,,,,12271.3,37.3,9073.2,35.6,57.3,36.8,33.1
2018-01-01,
2017-12-01,34734.1,366261.6,9.4,10.2,17409.4,160612.5,6.7,8.1,29753.5,314289.7,9.3,10,4980.6,51971.9,10.1,11.8,3689.2,39643.7,10.1,10.7,992.8,9751.2,6,7.4,31044.9,326617.9,9.3,10.2,16416.6,150861.3,6.8,8.2,,,,,,,,,,,,
2017-11-01,34108.2,331527.5,10.2,10.3,15778.7,145752.6,7.8,8.3,29407.1,284536.1,9.9,10,4701.1,46991.3,11.7,11.9,3675.5,35954.5,10,10.8,900.3,8821.3,5.5,7.6,30432.7,295573,10.2,10.2,14878.4,136931.3,7.9,8.3,,,,,,,,,,,,
2017-10-01,34240.9,297419.4,10,10.3,14373.8,131617.9,7.2,8.3,29536.6,255129.1,9.8,10,4704.3,42290.2,11.3,12,3851.8,32279.1,10.3,10.9,906.5,7932.1,6.1,7.8,30389.1,265140.3,10,10.2,13467.3,123685.8,7.3,8.4,,,,,,,,,,,,
2017-09-01,30870.3,263178.4,10.3,10.4,14629.7,117750.5,7.8,8.5,26164.1,225592.5,10.1,10.1,4706.2,37585.9,11.5,12.1,3317.5,28427.2,10.2,11,856,7033.5,6,8.1,27552.8,234751.2,10.4,10.3,13773.7,110717,7.9,8.5,,,,,,,,,,,,
2017-08-01,30329.7,232308.2,10.1,10.4,13229.4,103070,7.5,8.6,26169.1,199428.4,9.9,10.1,4160.6,32879.7,11.5,12.1,3359.7,25109.8,10.7,11.1,829.2,6171,7.6,8.4,26970,207198.4,10.1,10.3,12400.1,96899,7.5,8.6,,,,,,,,,,,,
2017-07-01,29609.8,201978.5,10.4,10.4,12812.6,89820.7,8.6,8.7,25473.5,173259.4,10.2,10.1,4136.3,28719,11.7,12.2,3203.7,21750.1,11.1,11.2,809.1,5342.3,9,8.5,26406.1,180228.4,10.3,10.3,12003.6,84478.4,8.6,8.7,,,,,,,,,,,,
2017-06-01,29807.6,172368.7,11,10.4,14222,76953,10.2,8.7,25544.8,147785.8,10.7,10.1,4262.8,24582.8,12.9,12.3,3253.6,18546.4,11.9,11.2,816.2,4532.7,11,8.4,26554,153822.3,10.9,10.3,13405.8,72420.4,10.2,8.8,,,,,,,,,,,,
2017-05-01,29459.2,142561.1,10.7,10.3,12937.1,62689.3,9.2,8.4,25360.1,122241,10.4,10,4099.1,20320,12.7,12.2,3210.8,15292.8,11.6,11,779.4,3712.4,9.2,7.8,26248.5,127268.3,10.6,10.2,12157.7,58977,9.2,8.5,,,,,,,,,,,,
2017-04-01,27278.5,113101.9,10.7,10.2,12253.3,49764.5,9.2,8.2,23483.2,96880.9,10.4,9.9,3795.3,16220.9,12.6,12.1,2885.9,12082,11.1,10.9,721.4,2932.3,8,7.5,24392.6,101019.9,10.6,10.1,11531.9,46832.3,9.3,8.3,,,,,,,,,,,,
2017-03-01,27863.7,85823.4,10.9,10,12873.3,37460.5,10,7.9,23939.8,73397.7,10.7,9.7,3923.9,12425.6,12.2,11.9,2944.8,9196.1,11.1,10.8,723.5,2212.5,8.1,7.3,24918.9,76627.3,10.9,9.9,12149.8,35248,10.1,7.9,,,,,,,,,,,,
2017-02-01,,57959.7,,9.5,,24679.7,,6.8,,49457.9,,9.2,,8501.7,,11.8,,6251.3,,10.6,,1494.1,,6.9,,51708.4,,9.4,,23185.6,,6.8,,,,,,,,,,,,
2017-01-01,
2016-12-01,31757,332316,10.9,10.4,16945,154286,9.8,8.1,27233,285814,10.9,10.4,4524,46503,11.2,10.9,3352,35799,10.6,10.8,946,9213,6.7,6,28405,296518,10.9,10.4,15999,145073,10,8.3,,,,,,,,,,,,
2016-11-01,30958.5,300559.5,10.8,10.4,14791.8,137203.2,9.5,7.9,26748.2,258581.1,10.8,10.3,4210.4,41978.5,11,10.9,3341.6,32447,10.1,10.8,851.3,8258.9,4.9,5.9,27616.9,268112.6,10.9,10.3,13940.4,128944.3,9.8,8.1,,,,,,,,,,,,
2016-10-01,31119.2,269601,10,10.3,13507.7,122312.3,7.5,7.8,26893.1,231832.9,10,10.2,4226.1,37768.1,10.3,10.9,3491.5,29105.4,10,10.9,854.8,7409.4,4.7,6,27627.7,240495.7,10.1,10.3,12652.9,114902.9,7.7,7.9,,,,,,,,,,,,
2016-09-01,27976.4,238481.8,10.7,10.4,13503.9,108343.7,8.8,7.8,23757.2,204939.8,10.7,10.3,4219.2,33542,11,10.9,3011.1,25613.9,10.6,11,808.8,6558.6,6,6.2,24965.4,212868,10.7,10.3,12695.1,101785.2,9,7.9,,,,,,,,,,,,
2016-08-01,27539.6,210505.4,10.6,10.3,12249.7,95101,8.5,7.6,23807.7,181182.6,10.6,10.2,3731.9,29322.8,10.9,10.9,3036.1,22602.8,10.3,11.1,774.6,5743.2,4.4,6.2,24503.5,187902.7,10.7,10.2,11475.1,89357.8,8.8,7.7,,,,,,,,,,,,
2016-07-01,26827.4,182965.8,10.2,10.3,11805.7,82920.9,7.3,7.5,23126.1,157374.9,10.1,10.2,3701.4,25590.9,10.7,10.9,2883.7,19566.7,10.9,11.2,747.3,4966.9,6,6.5,23943.7,163399.2,10.1,10.2,11058.4,77954,7.4,7.6,,,,,,,,,,,,
2016-06-01,26857.4,156138.3,10.6,10.3,13005.8,71075.1,8.1,7.5,23082.1,134248.8,10.5,10.2,3775.3,21889.5,11.2,11,2906.7,16683,11.1,11.2,743.5,4217.9,6.6,6.6,23950.7,139455.4,10.6,10.2,12262.3,66857.2,8.2,7.6,,,,,,,,,,,,
2016-05-01,26610.7,129280.9,10,10.2,11884.9,58010.4,6.5,7.4,22972.9,111166.7,9.9,10.1,3637.8,18114.2,10.7,10.9,2877.9,13776.2,10.9,11.3,720.3,3470.5,5.3,6.7,23733,115504.7,9.9,10.1,11164.6,54539.9,6.5,7.5,,,,,,,,,,,,
2016-04-01,24645.8,102670.2,10.1,10.3,11264.3,46111.3,6.7,7.7,21274.2,88193.8,10,10.2,3371.6,14476.4,10.9,11,2596.4,10898.3,11.6,11.4,674.1,2750.6,8,7,22049.4,91771.9,9.9,10.1,10590.2,43360.7,6.6,7.7,,,,,,,,,,,,
2016-03-01,25114.1,78024.4,10.5,10.3,11717.1,34625.5,8.6,8,21616.1,66919.5,10.4,10.2,3498,11104.9,11.1,11,2650.7,8301.9,11.4,11.3,666.4,2046.4,7.2,6.7,22463.4,69722.5,10.4,10.2,11050.7,32579.1,8.7,8,,,,,,,,,,,,
2016-02-01,,52910.3,,10.2,,23080,,7.6,,45303.4,,10.1,,7606.9,,10.9,,5651.2,,11.3,,1410.6,,6.4,,47259.1,,10.1,,21669.4,,7.7,,,,,,,,,,,,
2016-01-01,
2015-12-01,28634.6,300930.8,11.1,10.7,15367,142558,8.6,7.8,24565.9,258998.7,10.9,10.5,4068.8,41932.1,12,11.8,3029.9,32310,11.2,11.7,883,8667,6,7,25604.7,268620.8,11,10.6,14483.9,133890.9,8.8,7.9,,,,,,,,,,,,
2015-11-01,27937.3,272296.1,11.2,10.6,13502.7,126906,8.8,7.7,24143.3,234432.8,11,10.4,3794.1,37863.3,12.2,11.8,3034.4,29280.1,11.5,11.8,803.8,7721.2,6.5,7.2,24902.9,243016.1,11.1,10.5,12698.9,119184.9,9,7.8,,,,,,,,,,,,
2015-10-01,28278.9,244358.8,11,10.6,12612.2,113833.2,8.4,7.6,24447,210289.5,10.8,10.4,3831.9,34069.2,12.2,11.8,3175.2,26245.7,12.4,11.8,815.8,6979.7,8.8,7.2,25103.7,218113.1,10.8,10.4,11796.4,106853.6,8.3,7.6,,,,,,,,,,,,
2015-09-01,25270.6,216079.9,10.9,10.5,12484.1,101089.3,8.2,7.5,21467.8,185842.6,10.7,10.3,3802.8,30237.3,12.1,11.7,2721.3,23070.5,12.1,11.7,763.7,6163.5,8.1,7,22549.3,193009.4,10.7,10.4,11720.4,94925.7,8.2,7.5,,,,,,,,,,,,
2015-08-01,24893.4,190809.3,10.8,10.5,11256.6,88576,8,7.4,21528.2,164374.8,10.6,10.3,3365.2,26434.5,11.9,11.7,2752.2,20349.2,12.4,11.7,740.6,5399.6,8.9,6.9,22141.1,170460.1,10.6,10.3,10515.9,83176.4,7.9,7.5,,,,,,,,,,,,
2015-07-01,24338.8,165915.9,10.5,10.4,11005.3,77264.8,7.3,7.3,20996.4,142846.6,10.3,10.2,3342.4,23069.3,11.9,11.6,2600.6,17596.9,12.2,11.6,704.7,4652.5,8.1,6.6,21738.2,148319,10.3,10.3,10300.7,72612.2,7.2,7.4,,,,,,,,,,,,
2015-06-01,24280.3,141577.1,10.6,10.4,12009.4,66255.7,7.8,7.4,20886,121850.2,10.4,10.2,3394.3,19726.9,11.8,11.6,2616.1,14996.4,11.6,11.5,701.8,3949.3,6.9,6.3,21664.1,126580.7,10.5,10.3,11307.6,62306.4,7.9,7.4,,,,,,,,,,,,
2015-05-01,24194.8,117296.9,10.1,10.4,11180.1,54230,6.8,7.3,20907.9,100964.3,9.9,10.2,3286.9,16332.6,11.6,11.6,2595.2,12380.2,11.7,11.5,684.7,3247.5,7.1,6.2,21599.6,104916.6,9.9,10.2,10495.5,50982.5,6.7,7.3,,,,,,,,,,,,
2015-04-01,22386.7,93102,10,10.4,10564.2,43014.6,6.7,7.5,19347.5,80056.3,9.8,10.2,3039.2,13045.7,11.4,11.5,2327,9785.1,11.7,11.4,625.5,2557.2,7.2,5.9,20059.7,83316.9,9.8,10.3,9938.7,40457.4,6.7,7.5,,,,,,,,,,,,
2015-03-01,22722.8,70715.3,10.2,10.6,10833.5,32471.6,7.1,7.8,19573.8,60708.8,10,10.4,3149.1,10006.5,11.5,11.6,2379,7458.1,11.5,11.3,634.3,1937.5,6.5,5.5,20343.8,63257.2,10.1,10.5,10199.1,30534,6.8,7.8,,,,,,,,,,,,
2015-02-01,,47992.5,,10.7,,21840.4,,8.1,,41135,,10.6,,6857.5,,11.6,,5079.1,,11.2,,1356.1,,5.1,,42913.4,,10.7,,20484.3,,8.4,,,,,,,,,,,,
2015-01-01,
2014-12-01,25801.3,262394.1,11.9,12,14274.2,133179.3,9.4,9.3,22166.1,226367.5,11.8,11.8,3635.2,36026.6,12.4,12.9,2727.6,27860.2,10.1,9.7,844.9,8208.2,3.8,2.2,23073.7,234533.9,12.1,12.2,13429.3,124971.1,9.7,9.8,,,,,,,,,,,,
2014-11-01,23474.7,236592.8,11.7,12,11793.9,118450.5,8.7,9.3,20315.7,204201.4,11.6,11.8,3159,32391.4,12.5,12.9,2541.4,25132.6,9.8,9.7,740.1,7353.2,2.4,2.1,20933.3,211460.2,12,12.2,11053.8,111097.3,9.2,9.8,,,,,,,,,,,,
2014-10-01,23967.2,213118.1,11.5,12,11744.6,106570.4,8.3,9.4,20753.7,183885.8,11.4,11.8,3213.5,29232.4,12.4,13,2657.1,22591.2,9.7,9.7,757.7,6594.7,2.1,2,21310.1,190526.9,11.7,12.3,10986.9,99975.7,8.7,9.9,,,,,,,,,,,,
2014-09-01,23042.4,189150.8,11.6,12,11581.8,94232.8,8.5,9.5,19614,163132.1,11.4,11.9,3428.4,26018.9,12.5,13,2455.1,19934.1,8.7,9.7,714.3,5819,-0.5,2,20587.3,169216.7,11.9,12.3,10867.5,88413.8,9.2,10.1,,,,,,,,,,,,
2014-08-01,21133.9,166108.4,11.9,12.1,10466.1,83023.6,9,9.7,18306.4,143518.1,11.8,12,2827.5,22590.4,12.8,13.1,2303.5,17479,8.4,9.8,685,5114.3,-0.9,2.4,18830.4,148629.4,12.3,12.4,9781.1,77909.3,9.8,10.2,,,,,,,,,,,,
2014-07-01,20775.8,144974.5,12.2,12.1,10359.9,72417.7,9.7,9.8,17958.7,125211.7,12.1,12,2817.1,19762.8,13.2,13.2,2186.6,15175.5,9.4,10,659.3,4415.3,2.5,2.9,18589.2,129799,12.6,12.4,9700.6,68002.4,10.3,10.2,,,,,,,,,,,,
2014-06-01,21166.4,124198.7,12.4,12.1,11102.8,62102.1,10.2,9.8,18238.7,107253,12.3,12,2927.7,16945.7,13.4,13.2,2260.6,12988.9,9.8,10.1,668.1,3773.3,3.5,2.9,18905.8,111209.8,12.8,12.4,10434.7,58328.8,10.7,10.2,,,,,,,,,,,,
2014-05-01,21249.8,103032.2,12.5,12.1,10559.8,50857,9.9,9.7,18400.5,89014.3,12.3,11.9,2849.3,14018,13.9,13.1,2246.6,10728.3,11,10.2,648.8,3105.3,6.2,2.8,19003.2,92303.9,12.7,12.3,9649.8,46611.3,10.1,10.1,,,,,,,,,,,,
2014-04-01,19701.2,81782.4,11.9,12,10009.6,40248.5,9.4,9.6,17060.4,70613.8,11.7,11.8,2640.8,11168.7,13.2,12.9,2016.9,8481.7,10.7,10,592.2,2447.1,5.3,2,17684.3,73300.7,12.1,12.2,9417.4,37801.5,9.6,10.1,,,,,,,,,,,,
2014-03-01,19800.6,62081.2,12.2,12,10230.7,30274.6,10.2,9.7,17087.1,53553.4,12.1,11.8,2713.5,8527.9,12.9,12.8,2050.4,6464.8,10.2,9.8,612.7,1866,4.2,1,17750.2,55616.4,12.5,12.2,9618,28408.6,10.6,10.3,,,,,,,,,,,,
2014-02-01,,42280.7,,11.8,,20132.7,,9.5,,36466.3,,11.7,,5814.4,,12.8,,4414.4,,9.6,,1272,,-0.5,,37866.3,,12.1,,18860.8,,10.2,,,,,,,,,,,,
2014-01-01,
2013-12-01,23059.7,234380,13.6,13.1,12641.4,118884.7,13,11.6,19825.1,202462,13.4,12.9,3234.6,31917.9,14.8,14.6,2478.5,25391.9,8.6,9,824.4,8180.7,-3.3,-1.8,20581.2,208988,14.3,13.6,11817,110703.9,14.3,12.7,,,,,,,,,,,,
2013-11-01,21011.9,211320.2,13.7,13,11055,106233.5,13.1,11.4,18204.2,182636.9,13.6,12.8,2807.7,28683.3,14.8,14.5,2314.2,22913.4,9.4,9,771,7365,-1.1,-1.6,18697.7,188406.8,14.3,13.5,10283.9,98868.3,14.3,12.5,,,,,,,,,,,,
2013-10-01,21491.3,190308.3,13.3,13,10578.9,95158.6,12.4,11.2,18633.5,164432.7,13.1,12.7,2857.8,25875.6,14.6,14.5,2421.5,20599.2,9.5,9,754.3,6595.4,-0.6,-1.7,19069.8,169709.1,13.8,13.5,9824.6,88563.1,13.5,12.3,,,,,,,,,,,,
2013-09-01,20653.3,168817,13.3,12.9,10526,84570.5,12.4,11,17606.4,145799.2,13.1,12.7,3046.9,23017.8,14.8,14.5,2259.1,18177.7,9.1,8.9,733.8,5842.1,-1.3,-1.8,18394.2,150639.3,13.9,13.4,9792.2,78728.3,13.5,12.1,,,,,,,,,,,,
2013-08-01,18886.2,148163.7,13.4,12.8,9490.3,73935.3,11.5,10.8,16379.5,128192.8,13.1,12.6,2506.7,19970.9,15.1,14.5,2124.8,15918.6,9.7,8.9,703.7,5106.8,-0.5,-1.9,16761.4,132245.1,13.8,13.3,8786.6,68828.5,12.5,11.9,,,,,,,,,,,,
2013-07-01,18513.2,129277.5,13.2,12.8,9158.9,64416.5,11.2,10.7,16024.1,111813.3,12.9,12.5,2489.1,17464.2,15,14.4,1999.1,13793.8,9.1,8.8,657,4400.7,-2.1,-2.2,16514.1,115483.7,13.7,13.3,8501.9,60015.7,12.3,11.8,,,,,,,,,,,,
2013-06-01,18826.7,110764.3,13.3,12.7,9764.4,55251.1,11.5,10.5,16244.6,95789.1,13,12.5,2582.1,14975.2,15.1,14.3,2059.3,11794.7,9.5,8.7,664.1,3742.6,-0.7,-2.2,16767.4,98969.6,13.8,13.2,9100.2,51508.4,12.5,11.7,,,,,,,,,,,,
2013-05-01,18886.3,91937.6,12.9,12.6,9371.1,45392.4,10.7,10.5,16383.7,79544.5,12.6,12.3,2502.6,12393.1,14.8,14.1,2023.5,9735.4,9.2,8.5,625.3,3077.5,-1.8,-2.5,16862.8,82202.2,13.3,13.1,8745.8,42314.8,11.8,11.6,,,,,,,,,,,,
2013-04-01,17600.3,73051.3,12.8,12.5,8950.3,36004.9,11.5,10.4,15267.3,63160.8,12.6,12.3,2333,9890.5,13.8,13.9,1821.8,7712,7.9,8.3,576.5,2448.7,-2.8,-2.7,15778.5,65339.3,13.4,13,8373.8,33556.2,12.7,11.5,,,,,,,,,,,,
2013-03-01,17641.2,55451,12.6,12.4,9075.7,27045.3,10.5,10.3,15238.1,47893.5,12.2,12.2,2403.1,7557.5,15,13.9,1860.6,5890.1,8.7,8.5,602.2,1875.7,-1.1,-2.6,15780.6,49560.9,13.1,12.9,8473.5,25169.6,11.4,11.1,,,,,,,,,,,,
2013-02-01,,37809.8,,12.3,,18001.4,,10.2,,32655.4,,12.1,,5154.4,,13.4,,4029.6,,8.4,,1277.6,,-3.3,,33780.4,,12.8,,16723.8,,11,,,,,,,,,,,,
2013-01-01,
2012-12-01,20334.2,207166.7,15.2,14.3,10773.4,101129.3,15.3,14.6,17511.4,179317.6,15.2,14.3,2822.8,27849.1,15.1,14.5,2287.2,23282.7,15.1,13.6,811.6,7799.3,14.1,12.9,18047,183883.9,15.2,14.4,9961.8,93330,15.4,14.8,,,,,,,,,,,,
2012-11-01,18476.7,186832.5,14.9,14.2,9394.5,90346.6,15.1,14.5,16030.9,161806.2,15,14.2,2445.8,25026.3,14.6,14.4,2115,20995.5,14.2,13.4,742.1,6988.6,12.6,12.7,16361.7,165837,15,14.3,8652.4,83357.8,15.3,14.7,,,,,,,,,,,,
2012-10-01,18933.8,168355.8,14.5,14.1,9022.8,80600.7,14.8,14.5,16443.4,145775.3,14.5,14.1,2490.4,22580.5,14.8,14.4,2207.3,18880.5,14,13.3,706.9,6220.1,11.7,12.7,16726.5,149475.3,14.6,14.2,8315.9,74380.6,15,14.6,,,,,,,,,,,,
2012-09-01,18226.6,149422,14.2,14.1,8930.7,71580.1,14.7,14.4,15572.3,129331.9,14.2,14,2654.3,20090.1,14.7,14.4,2071.5,16673.2,13.9,13.2,694,5514.4,13.1,12.9,16155.1,132748.8,14.3,14.2,8236.7,66065.7,14.8,14.6,,,,,,,,,,,,
2012-08-01,16658.9,131195.4,13.2,14.1,8148.7,62621.5,13.1,14.4,14481.9,113759.6,13.1,14,2177,17435.8,14.3,14.3,1936.2,14601.7,13.1,13.1,662.9,4819.1,11.8,12.8,14722.7,116593.7,13.3,14.2,7485.8,57802.4,13.2,14.5,,,,,,,,,,,,
2012-07-01,16314.9,114536.5,13.1,14.2,7812,54264,13,14.6,14154.6,99277.7,13.1,14.2,2160.3,15258.8,13.6,14.3,1828.9,12665.5,12.7,13.1,619.5,4141.6,11.5,13,14486,101871,13.2,14.3,7192.5,50122.2,13.1,14.7,,,,,,,,,,,,
2012-06-01,16584.9,98221.6,13.7,14.4,8222.8,46592.1,14,14.9,14345.1,85123.1,13.7,14.3,2239.8,13098.5,14,14.5,1876.5,10836.6,13.2,13.2,627.1,3527.4,13.1,13.3,14708.4,87385,13.8,14.5,7595.7,43064.7,14.1,15,,,,,,,,,,,,
2012-05-01,16714.8,81636.7,13.8,14.5,7922.5,38321.3,14,15.1,14536,70778,13.7,14.5,2178.8,10858.7,14.3,14.5,1844.1,8960.1,12.9,13.2,596.2,2901.2,11.9,13.3,14870.7,72676.6,13.9,14.6,7326.3,35420.1,14.1,15.2,,,,,,,,,,,,
2012-04-01,15603.1,64921.9,14.1,14.7,7482.6,30412.7,14.6,15.3,13553.7,56242,14,14.7,2049.4,8679.9,14.5,14.6,1689.1,7116,13,13.3,554.6,2303.9,12.1,13.7,13914,57805.9,14.2,14.8,6928,28108.8,14.8,15.5,,,,,,,,,,,,
2012-03-01,15650.2,49318.8,15.2,14.8,7686,22920.6,16.9,15.6,13563.4,42688.3,15.2,14.9,2086.8,6630.5,14.6,14.6,1709.6,5426.9,13.4,13.3,563.7,1743.4,14.7,14.2,13940.6,43891.9,15.4,15,7122.3,21177.2,17.1,15.7,,,,,,,,,,,,
2012-02-01,,33668.6,,14.7,,15238.3,,14.9,,29124.9,,14.7,,4543.7,,14.6,,3717.3,,13.3,,1184.3,,14,,29951.3,,14.9,,14054,,15,,,,,,,,,,,,
2012-01-01,
2011-12-01,17739.7,181225.8,18.1,17.1,9053.4,84608.7,23.2,22.9,15319.6,156908.3,18.2,17.2,2420.1,24317.5,17.8,16.7,1996.6,20543.3,18.6,16.9,672.5,6444.8,24.7,19.7,15743.1,160682.5,18.1,17.2,8380.9,78163.8,23.1,23.2,,,,,,,,,,,,
2011-11-01,16128.9,163486.1,17.3,17,7744.8,75547.5,21.5,22.8,13968.5,141588.7,17.3,17.1,2160.4,21897.4,17.2,16.6,1864.8,18546.7,17.7,16.7,606.4,5766.5,22.6,19.2,14264.1,144939.4,17.2,17.1,7138.4,69781,21.4,23.2,,,,,,,,,,,,
2011-10-01,16546.4,147357.2,17.2,17,7628.6,67791.7,21.3,23,14355,127620.2,17.2,17.1,2191.4,19737,17.4,16.5,1944.8,16681.9,17.1,16.5,601.3,5159.9,19.2,18.8,14601.6,130675.3,17.3,17.1,7027.3,62631.8,21.5,23.4,,,,,,,,,,,,
2011-09-01,15865.1,130810.8,17.7,17,7549.6,60165.4,24.7,23.5,13542.5,113265.2,17.8,17.1,2322.6,17545.6,17.3,16.4,1814.1,14737.1,17.1,16.5,573.6,4558.7,19.7,18.8,14051,116073.7,17.8,17,6976,55606.7,25.1,24.3,,,,,,,,,,,,
2011-08-01,14705,114945.7,17,16.9,6902.2,52614,22.1,23.5,12783.1,99722.8,17.1,17,1921.9,15222.9,16.4,16.2,1716.6,12923,16.7,16.4,538.7,3976.5,17.7,18.5,12988.4,102022.7,17,16.9,6363.5,48637.4,22.5,23.9,,,,,,,,,,,,
2011-07-01,14408,100240.7,17.2,16.8,6689.6,45721.8,23.3,23.7,12489.5,86939.7,17.3,16.9,1918.5,13301,16.4,16.2,1627.1,11206.4,17.1,16.3,519,3445.2,19.5,18.6,12780.9,89034.3,17.2,16.9,6170.6,42276.6,23.6,24.1,,,,,,,,,,,,
2011-06-01,14565.1,85832.7,17.7,16.8,6834,390434.2,25.4,23.7,12584,74450.2,17.8,16.9,1981.1,11382.5,16.8,16.2,1660.7,9579.3,17.5,16.2,513.1,2926.3,20.4,18.4,12904.4,76253.4,17.7,16.9,6320.9,36107.9,25.8,24.2,,,,,,,,,,,,
2011-05-01,14696.8,71267.6,16.9,16.6,6787.4,32221.8,22.7,22.9,12771.9,61866.2,17,16.7,1924.9,9401.4,16.5,16,1639.4,7918.6,17.1,16,496.3,2412.8,18.3,18,13057.4,63349,16.9,16.7,6291.1,29809,23,23.3,,,,,,,,,,,,
2011-04-01,13649,56570.8,17.1,16.5,6418.2,25434,23.4,22.9,11846.5,49094.3,17.3,16.6,1802.5,7476.5,16.3,15.9,1496.7,6279.2,16.7,15.7,464.5,1917,18,18,12152.3,50291.6,17.2,16.6,5953.7,23517,23.8,23.4,,,,,,,,,,,,
2011-03-01,13588,42921.8,17.4,16.3,6323.2,19039.5,24.7,22.5,11800.8,37247.8,17.5,16.4,1787.2,5674,16.7,15.8,1506,4782.5,15,15.3,472.6,1452.6,17.6,18,12082,38139.3,17.7,16.5,5850.6,17586.9,25.3,23,,,,,,,,,,,,
2011-02-01,13769.1,29018.1,11.6,15.8,5781.1,12723.5,13,20.7,11917.2,25173.2,11.7,15.9,1851.9,3844.9,11.2,15.4,1554.5,3241.3,12.6,15.5,473.6,983,12.7,18.5,12214.6,25776.8,11.5,15.9,5307.5,11740.5,13,20.9,,,,,,,,,,,,
2011-01-01,15249,15249,19.9,19.9,6942.5,,27.8,,13256,13256,20,20,1993,1993,19.6,19.6,1686.8,1686.8,18.3,18.3,689,,24.4,,13562.2,13562.2,20.1,20.1,6253.5,6253.5,28.1,28.4,,,,,,,,,,,,
2010-12-01,15329.5,154553.7,19.1,18.4,,,,,13259.8,133688.9,19.5,18.8,2069.7,20864.8,17,16.1,1721.9,17635.5,18.3,18,,,,,13607.6,136918.2,19.3,18.5,6324.7,58055.7,33,29.9,,,,,,,,,,,,
2010-11-01,13910.9,139224.2,18.7,18.4,,,,,12046.4,120429.1,19,18.7,1864.5,18795.1,17,16,1601.2,15913.6,19.6,18,,,,,12309.7,123310.6,18.6,18.4,5400.3,51731,30.7,29.5,,,,,,,,,,,,
2010-10-01,14284.8,125313.3,18.6,18.3,,,,,12395.5,108382.7,18.9,18.7,1889.3,16930.6,16.8,15.9,1680.7,14312.4,19.4,17.8,,,,,12604.1,111000.9,18.5,18.4,5382.1,46330.8,29.6,29.3,,,,,,,,,,,,
2010-09-01,13536.5,111028.5,18.8,18.3,,,,,11742.5,95987.2,19.1,18.7,1794,15041.3,17,15.8,1566,12631.7,19.8,17.6,,,,,11970.5,98396.8,18.7,18.4,5155.6,40945.2,29.3,29.3,,,,,,,,,,,,
2010-08-01,12569.8,97492,18.4,18.2,,,,,10929.9,84244.7,18.8,18.6,1639.9,13247.3,15.9,15.7,1470.5,11065.7,18.8,17.3,,,,,11099.3,86426.3,18.4,18.3,4739.2,35757.6,28.1,29.3,,,,,,,,,,,,
2010-07-01,12252.8,84922.2,17.9,18.2,,,,,10655.1,73314.8,18.2,18.6,1597.7,11607.4,16.1,15.6,1414.3,9595.2,18.2,17.1,,,,,10838.5,75327,17.9,18.3,4551.5,31004.7,26,29.4,,,,,,,,,,,,
2010-06-01,12329.9,72669.4,18.3,18.2,,,,,10715.2,62659.7,18.7,18.6,1614.7,10009.7,15.9,15.6,1404.6,8180.9,17.7,16.9,,,,,10925.3,64488.5,18.4,18.4,4569.5,26464.8,28.3,30,,,,,,,,,,,,
2010-05-01,12455.1,60339.5,18.7,18.2,,,,,10818.3,51368.9,19.1,18.6,1636.8,8970.6,15.8,15.6,1433.7,6776.3,16.7,16.7,,,,,11021.4,53563.2,18.9,18.4,4668.5,21836.2,31.1,30.2,,,,,,,,,,,,
2010-04-01,11510.4,47884.4,18.5,18.1,,,,,9979.9,40550.6,18.9,18.5,1530.5,7333.8,16,15.5,1265.4,5342.6,17,16.7,,,,,10245,42541.8,18.7,18.2,4293,17168.3,31.3,30,,,,,,,,,,,,
2010-03-01,11321.7,36374,18,17.9,,,,,9822.1,30570.7,18.5,18.4,1499.6,5803.3,15.1,15.4,1270.8,4077.2,15.3,16.7,,,,,10050.9,32296.8,18.4,18.1,4162.9,12877.2,30.4,29.6,,,,,,,,,,,,
2010-02-01,12334.2,25052.3,22.1,17.9,,,,,10231.6,20748.6,23.1,18.4,2102.6,4303.7,17.6,15.5,1380.8,2806.4,21.2,17.3,,,,,10953.4,22245.9,22.2,17.9,4223.3,8710.5,39.3,29.2,,,,,,,,,,,,
2010-01-01,12718.1,12718.1,14,14,,,,,10517,10517,14.1,14.1,2201.1,2201.1,13.7,13.7,1425.6,1425.6,13.7,13.7,,,,,11292.5,11292.5,14.1,14.1,4487.7,4487.7,21,21,,,,,,,,,,,,
2009-12-01,12610,125342.7,17.5,15.5,,,,,,,,,,,,,,,,,,,,,,,,,,,,,,,,,,,,,,,,
2009-11-01,11339,112732.7,15.8,15.3,,,,,,,,,,,,,,,,,,,,,,,,,,,,,,,,,,,,,,,,
2009-10-01,11717.6,101393.7,16.2,15.3,,,,,,,,,,,,,,,,,,,,,,,,,,,,,,,,,,,,,,,,
2009-09-01,10912.8,89676.1,15.5,15.1,,,,,,,,,,,,,,,,,,,,,,,,,,,,,,,,,,,,,,,,
2009-08-01,10115.6,78763.3,15.4,15.1,,,,,,,,,,,,,,,,,,,,,,,,,,,,,,,,,,,,,,,,
2009-07-01,9936.5,68647.7,15.2,15,,,,,,,,,,,,,,,,,,,,,,,,,,,,,,,,,,,,,,,,
2009-06-01,9941.6,58711.2,15,15,,,,,,,,,,,,,,,,,,,,,,,,,,,,,,,,,,,,,,,,
2009-05-01,10028.4,48769.6,15.2,15,,,,,,,,,,,,,,,,,,,,,,,,,,,,,,,,,,,,,,,,
2009-04-01,9343.2,38741.2,14.8,15,,,,,,,,,,,,,,,,,,,,,,,,,,,,,,,,,,,,,,,,
2009-03-01,9317.6,29398,14.7,15,,,,,,,,,,,,,,,,,,,,,,,,,,,,,,,,,,,,,,,,
2009-02-01,9323.8,20080.4,11.6,15.2,,,,,,,,,,,,,,,,,,,,,,,,,,,,,,,,,,,,,,,,
2009-01-01,10756.6,10756.6,18.5,18.5,,,,,,,,,,,,,,,,,,,,,,,,,,,,,,,,,,,,,,,,
2008-12-01,10728.5,108487.7,19,21.6,,,,,,,,,,,,,,,,,,,,,,,,,,,,,,,,,,,,,,,,
2008-11-01,9790.8,97759.2,20.8,21.9,,,,,,,,,,,,,,,,,,,,,,,,,,,,,,,,,,,,,,,,
2008-10-01,10082.7,87968.4,22,22,,,,,,,,,,,,,,,,,,,,,,,,,,,,,,,,,,,,,,,,
2008-09-01,9446.5,77885.7,23.2,22,,,,,,,,,,,,,,,,,,,,,,,,,,,,,,,,,,,,,,,,
2008-08-01,8767.7,68439.2,23.2,21.9,,,,,,,,,,,,,,,,,,,,,,,,,,,,,,,,,,,,,,,,
2008-07-01,8628.8,59671.5,23.3,21.7,,,,,,,,,,,,,,,,,,,,,,,,,,,,,,,,,,,,,,,,
2008-06-01,8642,51042.7,23,21.4,,,,,,,,,,,,,,,,,,,,,,,,,,,,,,,,,,,,,,,,
2008-05-01,8703.5,42400.7,21.6,21.1,,,,,,,,,,,,,,,,,,,,,,,,,,,,,,,,,,,,,,,,
2008-04-01,8142,33697.2,22,21,,,,,,,,,,,,,,,,,,,,,,,,,,,,,,,,,,,,,,,,
2008-03-01,8123.2,25555.2,21.5,20.6,,,,,,,,,,,,,,,,,,,,,,,,,,,,,,,,,,,,,,,,
2008-02-01,8354.7,17432,19.1,20.2,,,,,,,,,,,,,,,,,,,,,,,,,,,,,,,,,,,,,,,,
2008-01-01,9077.3,9077.3,21.2,21.2,,,,,,,,,,,,,,,,,,,,,,,,,,,,,,,,,,,,,,,,
2007-12-01,9015.3,89210,20.2,16.8,,,,,,,,,,,,,,,,,,,,,,,,,,,,,,,,,,,,,,,,
2007-11-01,8104.7,80194.7,18.8,16.4,,,,,,,,,,,,,,,,,,,,,,,,,,,,,,,,,,,,,,,,
2007-10-01,8263,72090,18.1,16.1,,,,,,,,,,,,,,,,,,,,,,,,,,,,,,,,,,,,,,,,
2007-09-01,7668.4,63827,17,15.9,,,,,,,,,,,,,,,,,,,,,,,,,,,,,,,,,,,,,,,,
2007-08-01,7116.6,56158.6,17.1,15.7,,,,,,,,,,,,,,,,,,,,,,,,,,,,,,,,,,,,,,,,
2007-07-01,6998.2,49042,16.4,15.5,,,,,,,,,,,,,,,,,,,,,,,,,,,,,,,,,,,,,,,,
2007-06-01,7026,42043.8,16,15.4,,,,,,,,,,,,,,,,,,,,,,,,,,,,,,,,,,,,,,,,
2007-05-01,7157.5,35017.8,15.9,15.2,,,,,,,,,,,,,,,,,,,,,,,,,,,,,,,,,,,,,,,,
2007-04-01,6672.5,27860.3,15.5,15.1,,,,,,,,,,,,,,,,,,,,,,,,,,,,,,,,,,,,,,,,
2007-03-01,6685.8,21187.8,15.3,14.9,,,,,,,,,,,,,,,,,,,,,,,,,,,,,,,,,,,,,,,,
2007-02-01,7013.7,14502,16.9,14.7,,,,,,,,,,,,,,,,,,,,,,,,,,,,,,,,,,,,,,,,
2007-01-01,7488.3,7488.3,12.7,12.7,,,,,,,,,,,,,,,,,,,,,,,,,,,,,,,,,,,,,,,,
2006-12-01,7499.2,76410,14.6,13.7,,,,,,,,,,,,,,,,,,,,,,,,,,,,,,,,,,,,,,,,
2006-11-01,6821.7,68910.8,14.1,13.6,,,,,,,,,,,,,,,,,,,,,,,,,,,,,,,,,,,,,,,,
2006-10-01,6997.7,62089.1,14.3,13.6,,,,,,,,,,,,,,,,,,,,,,,,,,,,,,,,,,,,,,,,
2006-09-01,6553.6,55091.4,13.9,13.5,,,,,,,,,,,,,,,,,,,,,,,,,,,,,,,,,,,,,,,,
2006-08-01,6077.4,48537.8,13.8,13.5,,,,,,,,,,,,,,,,,,,,,,,,,,,,,,,,,,,,,,,,
2006-07-01,6012.2,42460.4,13.7,13.4,,,,,,,,,,,,,,,,,,,,,,,,,,,,,,,,,,,,,,,,
2006-06-01,6057.8,36448.2,13.9,13.3,,,,,,,,,,,,,,,,,,,,,,,,,,,,,,,,,,,,,,,,
2006-05-01,6175.6,30390.4,14.2,13.2,,,,,,,,,,,,,,,,,,,,,,,,,,,,,,,,,,,,,,,,
2006-04-01,5774.6,24214.8,13.6,13,,,,,,,,,,,,,,,,,,,,,,,,,,,,,,,,,,,,,,,,
2006-03-01,5796.7,18440.2,13.5,12.8,,,,,,,,,,,,,,,,,,,,,,,,,,,,,,,,,,,,,,,,
2006-02-01,6001.9,12643.5,9.4,12.5,,,,,,,,,,,,,,,,,,,,,,,,,,,,,,,,,,,,,,,,
2006-01-01,6641.6,6641.6,15.5,15.5,,,,,,,,,,,,,,,,,,,,,,,,,,,,,,,,,,,,,,,,
2005-12-01,6850.4,67176.6,12.5,12.9,,,,,,,,,,,,,,,,,,,,,,,,,,,,,,,,,,,,,,,,
2005-11-01,5909,56836.2,12.4,12.9,,,,,,,,,,,,,,,,,,,,,,,,,,,,,,,,,,,,,,,,
2005-10-01,5846.6,50927.2,12.8,13,,,,,,,,,,,,,,,,,,,,,,,,,,,,,,,,,,,,,,,,
2005-09-01,5495.2,45080.6,12.7,13,,,,,,,,,,,,,,,,,,,,,,,,,,,,,,,,,,,,,,,,
2005-08-01,5040.8,39585.4,12.5,13,,,,,,,,,,,,,,,,,,,,,,,,,,,,,,,,,,,,,,,,
2005-07-01,4934.9,34544.6,12.7,13.1,,,,,,,,,,,,,,,,,,,,,,,,,,,,,,,,,,,,,,,,
2005-06-01,4935,29609.7,12.9,13.2,,,,,,,,,,,,,,,,,,,,,,,,,,,,,,,,,,,,,,,,
2005-05-01,4899.2,24674.7,12.8,13.2,,,,,,,,,,,,,,,,,,,,,,,,,,,,,,,,,,,,,,,,
2005-04-01,4663.3,19775.5,12.2,13.3,,,,,,,,,,,,,,,,,,,,,,,,,,,,,,,,,,,,,,,,
2005-03-01,4799.1,15112.2,13.9,13.7,,,,,,,,,,,,,,,,,,,,,,,,,,,,,,,,,,,,,,,,
2005-02-01,5012.2,10313.1,15.8,13.6,,,,,,,,,,,,,,,,,,,,,,,,,,,,,,,,,,,,,,,,
2005-01-01,5300.9,5300.9,11.5,11.5,,,,,,,,,,,,,,,,,,,,,,,,,,,,,,,,,,,,,,,,
2004-12-01,5562.5,53950.1,14.5,13.3,,,,,,,,,,,,,,,,,,,,,,,,,,,,,,,,,,,,,,,,
2004-11-01,4965.6,48387.6,13.9,13.2,,,,,,,,,,,,,,,,,,,,,,,,,,,,,,,,,,,,,,,,
2004-10-01,4983.2,43422,14.2,13.1,,,,,,,,,,,,,,,,,,,,,,,,,,,,,,,,,,,,,,,,
2004-09-01,4717.7,38438.8,14,13,,,,,,,,,,,,,,,,,,,,,,,,,,,,,,,,,,,,,,,,
2004-08-01,4262.7,33721.1,13.1,12.9,,,,,,,,,,,,,,,,,,,,,,,,,,,,,,,,,,,,,,,,
2004-07-01,4209.2,29458.4,13.2,12.8,,,,,,,,,,,,,,,,,,,,,,,,,,,,,,,,,,,,,,,,
2004-06-01,4250.7,25249.2,13.9,12.8,,,,,,,,,,,,,,,,,,,,,,,,,,,,,,,,,,,,,,,,
2004-05-01,4166.1,20998.5,17.8,12.5,,,,,,,,,,,,,,,,,,,,,,,,,,,,,,,,,,,,,,,,
2004-04-01,4001.8,16832.4,13.2,11.3,,,,,,,,,,,,,,,,,,,,,,,,,,,,,,,,,,,,,,,,
2004-03-01,4049.8,12830.6,11.1,10.7,,,,,,,,,,,,,,,,,,,,,,,,,,,,,,,,,,,,,,,,
2004-02-01,4211.4,8780.8,9.2,10.5,,,,,,,,,,,,,,,,,,,,,,,,,,,,,,,,,,,,,,,,
2004-01-01,4569.4,4569.4,11.8,11.8,,,,,,,,,,,,,,,,,,,,,,,,,,,,,,,,,,,,,,,,
2003-12-01,4735.7,45842,10.9,9.1,,,,,,,,,,,,,,,,,,,,,,,,,,,,,,,,,,,,,,,,
2003-11-01,4202.7,41106.3,9.7,8.9,,,,,,,,,,,,,,,,,,,,,,,,,,,,,,,,,,,,,,,,
2003-10-01,4204.4,36903.6,10.2,8.8,,,,,,,,,,,,,,,,,,,,,,,,,,,,,,,,,,,,,,,,
2003-09-01,3971.8,32699.2,9.5,8.6,,,,,,,,,,,,,,,,,,,,,,,,,,,,,,,,,,,,,,,,
2003-08-01,3609.6,28727.4,9.9,8.5,,,,,,,,,,,,,,,,,,,,,,,,,,,,,,,,,,,,,,,,
2003-07-01,3562.1,25117.8,9.8,8.3,,,,,,,,,,,,,,,,,,,,,,,,,,,,,,,,,,,,,,,,
2003-06-01,3576.9,21555.7,8.3,8,,,,,,,,,,,,,,,,,,,,,,,,,,,,,,,,,,,,,,,,
2003-05-01,3463.3,17978.8,4.3,8,,,,,,,,,,,,,,,,,,,,,,,,,,,,,,,,,,,,,,,,
2003-04-01,3406.9,14515.5,7.7,8.9,,,,,,,,,,,,,,,,,,,,,,,,,,,,,,,,,,,,,,,,
2003-03-01,3494.8,11108.6,9.3,9.2,,,,,,,,,,,,,,,,,,,,,,,,,,,,,,,,,,,,,,,,
2003-02-01,3706.4,7613.8,8.5,9.2,,,,,,,,,,,,,,,,,,,,,,,,,,,,,,,,,,,,,,,,
2003-01-01,3907.4,3907.4,10,10,,,,,,,,,,,,,,,,,,,,,,,,,,,,,,,,,,,,,,,,
2002-12-01,4404.4,40910.5,9.2,8.8,,,,,,,,,,,,,,,,,,,,,,,,,,,,,,,,,,,,,,,,
2002-11-01,3733.1,36506.1,9.1,8.8,,,,,,,,,,,,,,,,,,,,,,,,,,,,,,,,,,,,,,,,
2002-10-01,3661.9,32773,9.4,8.7,,,,,,,,,,,,,,,,,,,,,,,,,,,,,,,,,,,,,,,,
2002-09-01,3422.4,29111.1,9.1,8.7,,,,,,,,,,,,,,,,,,,,,,,,,,,,,,,,,,,,,,,,
2002-08-01,3143.7,25688.7,8.8,8.6,,,,,,,,,,,,,,,,,,,,,,,,,,,,,,,,,,,,,,,,
2002-07-01,3096.6,22545,8.6,8.6,,,,,,,,,,,,,,,,,,,,,,,,,,,,,,,,,,,,,,,,
2002-06-01,3158.8,19448.4,8.6,8.6,,,,,,,,,,,,,,,,,,,,,,,,,,,,,,,,,,,,,,,,
2002-05-01,3202.1,16289.6,9.3,8.6,,,,,,,,,,,,,,,,,,,,,,,,,,,,,,,,,,,,,,,,
2002-04-01,3052.2,13087.5,8.2,8.4,,,,,,,,,,,,,,,,,,,,,,,,,,,,,,,,,,,,,,,,
2002-03-01,3114.8,10035.3,8.3,8.4,,,,,,,,,,,,,,,,,,,,,,,,,,,,,,,,,,,,,,,,
2002-02-01,3324.4,6920.5,9.1,8.5,,,,,,,,,,,,,,,,,,,,,,,,,,,,,,,,,,,,,,,,
2002-01-01,3596.1,3596.1,7.9,7.9,,,,,,,,,,,,,,,,,,,,,,,,,,,,,,,,,,,,,,,,
2001-12-01,4033.3,37595.2,9.6,10.1,,,,,,,,,,,,,,,,,,,,,,,,,,,,,,,,,,,,,,,,
2001-11-01,3421.7,33561.9,10.1,10.1,,,,,,,,,,,,,,,,,,,,,,,,,,,,,,,,,,,,,,,,
2001-10-01,3347.3,30140.2,10.5,10.1,,,,,,,,,,,,,,,,,,,,,,,,,,,,,,,,,,,,,,,,
2001-09-01,3136.9,26792.9,9.9,10.1,,,,,,,,,,,,,,,,,,,,,,,,,,,,,,,,,,,,,,,,
2001-08-01,2889.4,23656,9.6,10.1,,,,,,,,,,,,,,,,,,,,,,,,,,,,,,,,,,,,,,,,
2001-07-01,2851.4,20766.6,9.8,10.2,,,,,,,,,,,,,,,,,,,,,,,,,,,,,,,,,,,,,,,,
2001-06-01,2908.7,17915.2,10,10.3,,,,,,,,,,,,,,,,,,,,,,,,,,,,,,,,,,,,,,,,
2001-05-01,2929.6,15006.5,11.1,10.3,,,,,,,,,,,,,,,,,,,,,,,,,,,,,,,,,,,,,,,,
2001-04-01,2820.9,12076.9,9.7,10.1,,,,,,,,,,,,,,,,,,,,,,,,,,,,,,,,,,,,,,,,
2001-03-01,2876.1,9256,9.5,10.3,,,,,,,,,,,,,,,,,,,,,,,,,,,,,,,,,,,,,,,,
2001-02-01,3047.1,6379.9,8.6,10.6,,,,,,,,,,,,,,,,,,,,,,,,,,,,,,,,,,,,,,,,
2001-01-01,3332.8,3332.8,12.5,12.5,,,,,,,,,,,,,,,,,,,,,,,,,,,,,,,,,,,,,,,,
2000-12-01,3680,34152.6,8.8,9.7,,,,,,,,,,,,,,,,,,,,,,,,,,,,,,,,,,,,,,,,
2000-11-01,3107.8,30472.6,8.7,9.8,,,,,,,,,,,,,,,,,,,,,,,,,,,,,,,,,,,,,,,,
2000-10-01,3029.3,27364.8,10.4,9.9,,,,,,,,,,,,,,,,,,,,,,,,,,,,,,,,,,,,,,,,
2000-09-01,2854.3,24335.5,9.6,9.9,,,,,,,,,,,,,,,,,,,,,,,,,,,,,,,,,,,,,,,,
2000-08-01,2636.3,21481.2,9.3,9.9,,,,,,,,,,,,,,,,,,,,,,,,,,,,,,,,,,,,,,,,
2000-07-01,2596.9,18844.9,9.1,10,,,,,,,,,,,,,,,,,,,,,,,,,,,,,,,,,,,,,,,,
2000-06-01,2645.2,16248,8.9,10.1,,,,,,,,,,,,,,,,,,,,,,,,,,,,,,,,,,,,,,,,
2000-05-01,2636.9,13602.8,11.5,10.4,,,,,,,,,,,,,,,,,,,,,,,,,,,,,,,,,,,,,,,,
2000-04-01,2571.5,10965.9,9.1,10.1,,,,,,,,,,,,,,,,,,,,,,,,,,,,,,,,,,,,,,,,
2000-03-01,2626.6,8394.4,9.3,10.4,,,,,,,,,,,,,,,,,,,,,,,,,,,,,,,,,,,,,,,,
2000-02-01,2804.9,5767.8,10.5,10.9,,,,,,,,,,,,,,,,,,,,,,,,,,,,,,,,,,,,,,,,
2000-01-01,2962.9,2962.9,11.3,11.3,,,,,,,,,,,,,,,,,,,,,,,,,,,,,,,,,,,,,,,,
1999-12-01,3383,,,,,,,,,,,,,,,,,,,,,,,,,,,,,,,,,,,,,,,,,,,
1999-11-01,2859.1,,,,,,,,,,,,,,,,,,,,,,,,,,,,,,,,,,,,,,,,,,,
1999-10-01,2743.9,,,,,,,,,,,,,,,,,,,,,,,,,,,,,,,,,,,,,,,,,,,
1999-09-01,2604.3,,,,,,,,,,,,,,,,,,,,,,,,,,,,,,,,,,,,,,,,,,,
1999-08-01,2410.9,,,,,,,,,,,,,,,,,,,,,,,,,,,,,,,,,,,,,,,,,,,
1999-07-01,2380.3,,,,,,,,,,,,,,,,,,,,,,,,,,,,,,,,,,,,,,,,,,,
1999-06-01,2428.8,,,,,,,,,,,,,,,,,,,,,,,,,,,,,,,,,,,,,,,,,,,
1999-05-01,2364,,,,,,,,,,,,,,,,,,,,,,,,,,,,,,,,,,,,,,,,,,,
1999-04-01,2356.8,,,,,,,,,,,,,,,,,,,,,,,,,,,,,,,,,,,,,,,,,,,
1999-03-01,2403.1,,,,,,,,,,,,,,,,,,,,,,,,,,,,,,,,,,,,,,,,,,,
1999-02-01,2538.4,,,,,,,,,,,,,,,,,,,,,,,,,,,,,,,,,,,,,,,,,,,
1999-01-01,2662.1,,,,,,,,,,,,,,,,,,,,,,,,,,,,,,,,,,,,,,,,,,,
1998-12-01,3131.4,,,,,,,,,,,,,,,,,,,,,,,,,,,,,,,,,,,,,,,,,,,
1998-11-01,2652.2,,,,,,,,,,,,,,,,,,,,,,,,,,,,,,,,,,,,,,,,,,,
1998-10-01,2536,,,,,,,,,,,,,,,,,,,,,,,,,,,,,,,,,,,,,,,,,,,
1998-09-01,2443.1,,,,,,,,,,,,,,,,,,,,,,,,,,,,,,,,,,,,,,,,,,,
1998-08-01,2274.4,,,,,,,,,,,,,,,,,,,,,,,,,,,,,,,,,,,,,,,,,,,
1998-07-01,2254.1,,,,,,,,,,,,,,,,,,,,,,,,,,,,,,,,,,,,,,,,,,,
1998-06-01,2304.4,,,,,,,,,,,,,,,,,,,,,,,,,,,,,,,,,,,,,,,,,,,
1998-05-01,2245,,,,,,,,,,,,,,,,,,,,,,,,,,,,,,,,,,,,,,,,,,,
1998-04-01,2229.7,,,,,,,,,,,,,,,,,,,,,,,,,,,,,,,,,,,,,,,,,,,
1998-03-01,2271.4,,,,,,,,,,,,,,,,,,,,,,,,,,,,,,,,,,,,,,,,,,,
1998-02-01,2296.1,,,,,,,,,,,,,,,,,,,,,,,,,,,,,,,,,,,,,,,,,,,
1998-01-01,2514.7,,,,,,,,,,,,,,,,,,,,,,,,,,,,,,,,,,,,,,,,,,,
1997-12-01,2899,,,,,,,,,,,,,,,,,,,,,,,,,,,,,,,,,,,,,,,,,,,
1997-11-01,2469.5,,,,,,,,,,,,,,,,,,,,,,,,,,,,,,,,,,,,,,,,,,,
1997-10-01,2361.9,,,,,,,,,,,,,,,,,,,,,,,,,,,,,,,,,,,,,,,,,,,
1997-09-01,2253,,,,,,,,,,,,,,,,,,,,,,,,,,,,,,,,,,,,,,,,,,,
1997-08-01,2116.9,,,,,,,,,,,,,,,,,,,,,,,,,,,,,,,,,,,,,,,,,,,
1997-07-01,2115,,,,,,,,,,,,,,,,,,,,,,,,,,,,,,,,,,,,,,,,,,,
1997-06-01,2177.6,,,,,,,,,,,,,,,,,,,,,,,,,,,,,,,,,,,,,,,,,,,
1997-05-01,2120.7,,,,,,,,,,,,,,,,,,,,,,,,,,,,,,,,,,,,,,,,,,,
1997-04-01,2113,,,,,,,,,,,,,,,,,,,,,,,,,,,,,,,,,,,,,,,,,,,
1997-03-01,2143.6,,,,,,,,,,,,,,,,,,,,,,,,,,,,,,,,,,,,,,,,,,,
1997-02-01,2226.6,,,,,,,,,,,,,,,,,,,,,,,,,,,,,,,,,,,,,,,,,,,
1997-01-01,2302.1,,,,,,,,,,,,,,,,,,,,,,,,,,,,,,,,,,,,,,,,,,,
1996-12-01,2871.7,,,,,,,,,,,,,,,,,,,,,,,,,,,,,,,,,,,,,,,,,,,
1996-11-01,2308.6,,,,,,,,,,,,,,,,,,,,,,,,,,,,,,,,,,,,,,,,,,,
1996-10-01,2165.7,,,,,,,,,,,,,,,,,,,,,,,,,,,,,,,,,,,,,,,,,,,
1996-09-01,2100.4,,,,,,,,,,,,,,,,,,,,,,,,,,,,,,,,,,,,,,,,,,,
1996-08-01,1931.9,,,,,,,,,,,,,,,,,,,,,,,,,,,,,,,,,,,,,,,,,,,
1996-07-01,1904,,,,,,,,,,,,,,,,,,,,,,,,,,,,,,,,,,,,,,,,,,,
1996-06-01,1981.9,,,,,,,,,,,,,,,,,,,,,,,,,,,,,,,,,,,,,,,,,,,
1996-05-01,1913.7,,,,,,,,,,,,,,,,,,,,,,,,,,,,,,,,,,,,,,,,,,,
1996-04-01,1869.8,,,,,,,,,,,,,,,,,,,,,,,,,,,,,,,,,,,,,,,,,,,
1996-03-01,1875.2,,,,,,,,,,,,,,,,,,,,,,,,,,,,,,,,,,,,,,,,,,,
1996-02-01,1926.7,,,,,,,,,,,,,,,,,,,,,,,,,,,,,,,,,,,,,,,,,,,
1996-01-01,1924.5,,,,,,,,,,,,,,,,,,,,,,,,,,,,,,,,,,,,,,,,,,,
1995-12-01,2371.3,,,,,,,,,,,,,,,,,,,,,,,,,,,,,,,,,,,,,,,,,,,
1995-11-01,1938.3,,,,,,,,,,,,,,,,,,,,,,,,,,,,,,,,,,,,,,,,,,,
1995-10-01,1814.6,,,,,,,,,,,,,,,,,,,,,,,,,,,,,,,,,,,,,,,,,,,
1995-09-01,1773.3,,,,,,,,,,,,,,,,,,,,,,,,,,,,,,,,,,,,,,,,,,,
1995-08-01,1649.6,,,,,,,,,,,,,,,,,,,,,,,,,,,,,,,,,,,,,,,,,,,
1995-07-01,1629,,,,,,,,,,,,,,,,,,,,,,,,,,,,,,,,,,,,,,,,,,,
1995-06-01,1649.6,,,,,,,,,,,,,,,,,,,,,,,,,,,,,,,,,,,,,,,,,,,
1995-05-01,1587.7,,,,,,,,,,,,,,,,,,,,,,,,,,,,,,,,,,,,,,,,,,,
1995-04-01,1546.5,,,,,,,,,,,,,,,,,,,,,,,,,,,,,,,,,,,,,,,,,,,
1995-03-01,1546.5,,,,,,,,,,,,,,,,,,,,,,,,,,,,,,,,,,,,,,,,,,,
1995-02-01,1505.3,,,,,,,,,,,,,,,,,,,,,,,,,,,,,,,,,,,,,,,,,,,
1995-01-01,1608.3,,,,,,,,,,,,,,,,,,,,,,,,,,,,,,,,,,,,,,,,,,,
1994-12-01,1957.8,,,,,,,,,,,,,,,,,,,,,,,,,,,,,,,,,,,,,,,,,,,
1994-11-01,1574.4,,,,,,,,,,,,,,,,,,,,,,,,,,,,,,,,,,,,,,,,,,,
1994-10-01,1463.2,,,,,,,,,,,,,,,,,,,,,,,,,,,,,,,,,,,,,,,,,,,
1994-09-01,1414.7,,,,,,,,,,,,,,,,,,,,,,,,,,,,,,,,,,,,,,,,,,,
1994-08-01,1303.1,,,,,,,,,,,,,,,,,,,,,,,,,,,,,,,,,,,,,,,,,,,
1994-07-01,1268.1,,,,,,,,,,,,,,,,,,,,,,,,,,,,,,,,,,,,,,,,,,,
1994-06-01,1298.1,,,,,,,,,,,,,,,,,,,,,,,,,,,,,,,,,,,,,,,,,,,
1994-05-01,1229.8,,,,,,,,,,,,,,,,,,,,,,,,,,,,,,,,,,,,,,,,,,,
1994-04-01,1185.9,,,,,,,,,,,,,,,,,,,,,,,,,,,,,,,,,,,,,,,,,,,
1994-03-01,1183,,,,,,,,,,,,,,,,,,,,,,,,,,,,,,,,,,,,,,,,,,,
1994-02-01,1178.1,,,,,,,,,,,,,,,,,,,,,,,,,,,,,,,,,,,,,,,,,,,
1994-01-01,1208.5,,,,,,,,,,,,,,,,,,,,,,,,,,,,,,,,,,,,,,,,,,,
1993-12-01,1437.8,,,,,,,,,,,,,,,,,,,,,,,,,,,,,,,,,,,,,,,,,,,
1993-11-01,1119.1,,,,,,,,,,,,,,,,,,,,,,,,,,,,,,,,,,,,,,,,,,,
1993-10-01,1067,,,,,,,,,,,,,,,,,,,,,,,,,,,,,,,,,,,,,,,,,,,
1993-09-01,1039.1,,,,,,,,,,,,,,,,,,,,,,,,,,,,,,,,,,,,,,,,,,,
1993-08-01,974.5,,,,,,,,,,,,,,,,,,,,,,,,,,,,,,,,,,,,,,,,,,,
1993-07-01,978.4,,,,,,,,,,,,,,,,,,,,,,,,,,,,,,,,,,,,,,,,,,,
1993-06-01,1020.8,,,,,,,,,,,,,,,,,,,,,,,,,,,,,,,,,,,,,,,,,,,
1993-05-01,976.6,,,,,,,,,,,,,,,,,,,,,,,,,,,,,,,,,,,,,,,,,,,
1993-04-01,964.9,,,,,,,,,,,,,,,,,,,,,,,,,,,,,,,,,,,,,,,,,,,
1993-03-01,966.4,,,,,,,,,,,,,,,,,,,,,,,,,,,,,,,,,,,,,,,,,,,
1993-02-01,915.4,,,,,,,,,,,,,,,,,,,,,,,,,,,,,,,,,,,,,,,,,,,
1993-01-01,1002.1,,,,,,,,,,,,,,,,,,,,,,,,,,,,,,,,,,,,,,,,,,,
1992-12-01,1045.8,,,,,,,,,,,,,,,,,,,,,,,,,,,,,,,,,,,,,,,,,,,
1992-11-01,883.3,,,,,,,,,,,,,,,,,,,,,,,,,,,,,,,,,,,,,,,,,,,
1992-10-01,850.2,,,,,,,,,,,,,,,,,,,,,,,,,,,,,,,,,,,,,,,,,,,
1992-09-01,829.8,,,,,,,,,,,,,,,,,,,,,,,,,,,,,,,,,,,,,,,,,,,
1992-08-01,753.9,,,,,,,,,,,,,,,,,,,,,,,,,,,,,,,,,,,,,,,,,,,
1992-07-01,740.8,,,,,,,,,,,,,,,,,,,,,,,,,,,,,,,,,,,,,,,,,,,
1992-06-01,757.7,,,,,,,,,,,,,,,,,,,,,,,,,,,,,,,,,,,,,,,,,,,
1992-05-01,730,,,,,,,,,,,,,,,,,,,,,,,,,,,,,,,,,,,,,,,,,,,
1992-04-01,719.8,,,,,,,,,,,,,,,,,,,,,,,,,,,,,,,,,,,,,,,,,,,
1992-03-01,773.6,,,,,,,,,,,,,,,,,,,,,,,,,,,,,,,,,,,,,,,,,,,
1992-02-01,813.2,,,,,,,,,,,,,,,,,,,,,,,,,,,,,,,,,,,,,,,,,,,
1992-01-01,806.7,,,,,,,,,,,,,,,,,,,,,,,,,,,,,,,,,,,,,,,,,,,
1991-12-01,833.5,,,,,,,,,,,,,,,,,,,,,,,,,,,,,,,,,,,,,,,,,,,
1991-11-01,737.2,,,,,,,,,,,,,,,,,,,,,,,,,,,,,,,,,,,,,,,,,,,
1991-10-01,707.8,,,,,,,,,,,,,,,,,,,,,,,,,,,,,,,,,,,,,,,,,,,
1991-09-01,695.7,,,,,,,,,,,,,,,,,,,,,,,,,,,,,,,,,,,,,,,,,,,
1991-08-01,635.3,,,,,,,,,,,,,,,,,,,,,,,,,,,,,,,,,,,,,,,,,,,
1991-07-01,625,,,,,,,,,,,,,,,,,,,,,,,,,,,,,,,,,,,,,,,,,,,
1991-06-01,646.5,,,,,,,,,,,,,,,,,,,,,,,,,,,,,,,,,,,,,,,,,,,
1991-05-01,639,,,,,,,,,,,,,,,,,,,,,,,,,,,,,,,,,,,,,,,,,,,
1991-04-01,653.9,,,,,,,,,,,,,,,,,,,,,,,,,,,,,,,,,,,,,,,,,,,
1991-03-01,647.5,,,,,,,,,,,,,,,,,,,,,,,,,,,,,,,,,,,,,,,,,,,
1991-02-01,709.9,,,,,,,,,,,,,,,,,,,,,,,,,,,,,,,,,,,,,,,,,,,
1991-01-01,714.4,,,,,,,,,,,,,,,,,,,,,,,,,,,,,,,,,,,,,,,,,,,
1990-12-01,739.1,,,,,,,,,,,,,,,,,,,,,,,,,,,,,,,,,,,,,,,,,,,
1990-11-01,644,,,,,,,,,,,,,,,,,,,,,,,,,,,,,,,,,,,,,,,,,,,
1990-10-01,618.8,,,,,,,,,,,,,,,,,,,,,,,,,,,,,,,,,,,,,,,,,,,
1990-09-01,612.1,,,,,,,,,,,,,,,,,,,,,,,,,,,,,,,,,,,,,,,,,,,
1990-08-01,562.2,,,,,,,,,,,,,,,,,,,,,,,,,,,,,,,,,,,,,,,,,,,
1990-07-01,554.3,,,,,,,,,,,,,,,,,,,,,,,,,,,,,,,,,,,,,,,,,,,
1990-06-01,573.8,,,,,,,,,,,,,,,,,,,,,,,,,,,,,,,,,,,,,,,,,,,
1990-05-01,573.2,,,,,,,,,,,,,,,,,,,,,,,,,,,,,,,,,,,,,,,,,,,
1990-04-01,562,,,,,,,,,,,,,,,,,,,,,,,,,,,,,,,,,,,,,,,,,,,
1990-03-01,576.8,,,,,,,,,,,,,,,,,,,,,,,,,,,,,,,,,,,,,,,,,,,
1990-02-01,576.4,,,,,,,,,,,,,,,,,,,,,,,,,,,,,,,,,,,,,,,,,,,
1990-01-01,657.6,,,,,,,,,,,,,,,,,,,,,,,,,,,,,,,,,,,,,,,,,,,
1989-12-01,665.1,,,,,,,,,,,,,,,,,,,,,,,,,,,,,,,,,,,,,,,,,,,
1989-11-01,579.6,,,,,,,,,,,,,,,,,,,,,,,,,,,,,,,,,,,,,,,,,,,
1989-10-01,571,,,,,,,,,,,,,,,,,,,,,,,,,,,,,,,,,,,,,,,,,,,
1989-09-01,585.6,,,,,,,,,,,,,,,,,,,,,,,,,,,,,,,,,,,,,,,,,,,
1989-08-01,545.2,,,,,,,,,,,,,,,,,,,,,,,,,,,,,,,,,,,,,,,,,,,
1989-07-01,545.4,,,,,,,,,,,,,,,,,,,,,,,,,,,,,,,,,,,,,,,,,,,
1989-06-01,566.2,,,,,,,,,,,,,,,,,,,,,,,,,,,,,,,,,,,,,,,,,,,
1989-05-01,574.6,,,,,,,,,,,,,,,,,,,,,,,,,,,,,,,,,,,,,,,,,,,
1989-04-01,580,,,,,,,,,,,,,,,,,,,,,,,,,,,,,,,,,,,,,,,,,,,
1989-03-01,608.5,,,,,,,,,,,,,,,,,,,,,,,,,,,,,,,,,,,,,,,,,,,
1989-02-01,615,,,,,,,,,,,,,,,,,,,,,,,,,,,,,,,,,,,,,,,,,,,
1989-01-01,638,,,,,,,,,,,,,,,,,,,,,,,,,,,,,,,,,,,,,,,,,,,
1988-12-01,663.7,,,,,,,,,,,,,,,,,,,,,,,,,,,,,,,,,,,,,,,,,,,
1988-11-01,585.7,,,,,,,,,,,,,,,,,,,,,,,,,,,,,,,,,,,,,,,,,,,
1988-10-01,581.2,,,,,,,,,,,,,,,,,,,,,,,,,,,,,,,,,,,,,,,,,,,
1988-09-01,600.8,,,,,,,,,,,,,,,,,,,,,,,,,,,,,,,,,,,,,,,,,,,
1988-08-01,558.4,,,,,,,,,,,,,,,,,,,,,,,,,,,,,,,,,,,,,,,,,,,
1988-07-01,514.7,,,,,,,,,,,,,,,,,,,,,,,,,,,,,,,,,,,,,,,,,,,
1988-06-01,521.2,,,,,,,,,,,,,,,,,,,,,,,,,,,,,,,,,,,,,,,,,,,
1988-05-01,489.1,,,,,,,,,,,,,,,,,,,,,,,,,,,,,,,,,,,,,,,,,,,
1988-04-01,481,,,,,,,,,,,,,,,,,,,,,,,,,,,,,,,,,,,,,,,,,,,
1988-03-01,487.9,,,,,,,,,,,,,,,,,,,,,,,,,,,,,,,,,,,,,,,,,,,
1988-02-01,522.7,,,,,,,,,,,,,,,,,,,,,,,,,,,,,,,,,,,,,,,,,,,
1988-01-01,528.2,,,,,,,,,,,,,,,,,,,,,,,,,,,,,,,,,,,,,,,,,,,
1987-12-01,561.6,,,,,,,,,,,,,,,,,,,,,,,,,,,,,,,,,,,,,,,,,,,
1987-11-01,471.2,,,,,,,,,,,,,,,,,,,,,,,,,,,,,,,,,,,,,,,,,,,
1987-10-01,451,,,,,,,,,,,,,,,,,,,,,,,,,,,,,,,,,,,,,,,,,,,
1987-09-01,439.3,,,,,,,,,,,,,,,,,,,,,,,,,,,,,,,,,,,,,,,,,,,
1987-08-01,396.1,,,,,,,,,,,,,,,,,,,,,,,,,,,,,,,,,,,,,,,,,,,
1987-07-01,390.7,,,,,,,,,,,,,,,,,,,,,,,,,,,,,,,,,,,,,,,,,,,
1987-06-01,400.7,,,,,,,,,,,,,,,,,,,,,,,,,,,,,,,,,,,,,,,,,,,
1987-05-01,389.7,,,,,,,,,,,,,,,,,,,,,,,,,,,,,,,,,,,,,,,,,,,
1987-04-01,383.9,,,,,,,,,,,,,,,,,,,,,,,,,,,,,,,,,,,,,,,,,,,
1987-03-01,391.5,,,,,,,,,,,,,,,,,,,,,,,,,,,,,,,,,,,,,,,,,,,
1987-02-01,394.1,,,,,,,,,,,,,,,,,,,,,,,,,,,,,,,,,,,,,,,,,,,
1987-01-01,445.2,,,,,,,,,,,,,,,,,,,,,,,,,,,,,,,,,,,,,,,,,,,
1986-12-01,481.2,,,,,,,,,,,,,,,,,,,,,,,,,,,,,,,,,,,,,,,,,,,
1986-11-01,405.4,,,,,,,,,,,,,,,,,,,,,,,,,,,,,,,,,,,,,,,,,,,
1986-10-01,382.5,,,,,,,,,,,,,,,,,,,,,,,,,,,,,,,,,,,,,,,,,,,
1986-09-01,378.3,,,,,,,,,,,,,,,,,,,,,,,,,,,,,,,,,,,,,,,,,,,
1986-08-01,333.9,,,,,,,,,,,,,,,,,,,,,,,,,,,,,,,,,,,,,,,,,,,
1986-07-01,326.6,,,,,,,,,,,,,,,,,,,,,,,,,,,,,,,,,,,,,,,,,,,
1986-06-01,340.2,,,,,,,,,,,,,,,,,,,,,,,,,,,,,,,,,,,,,,,,,,,
1986-05-01,332.9,,,,,,,,,,,,,,,,,,,,,,,,,,,,,,,,,,,,,,,,,,,
1986-04-01,329.4,,,,,,,,,,,,,,,,,,,,,,,,,,,,,,,,,,,,,,,,,,,
1986-03-01,335.3,,,,,,,,,,,,,,,,,,,,,,,,,,,,,,,,,,,,,,,,,,,
1986-02-01,346.7,,,,,,,,,,,,,,,,,,,,,,,,,,,,,,,,,,,,,,,,,,,
1986-01-01,381.6,,,,,,,,,,,,,,,,,,,,,,,,,,,,,,,,,,,,,,,,,,,
1985-12-01,411.1,,,,,,,,,,,,,,,,,,,,,,,,,,,,,,,,,,,,,,,,,,,
1985-11-01,341.7,,,,,,,,,,,,,,,,,,,,,,,,,,,,,,,,,,,,,,,,,,,
1985-10-01,319.5,,,,,,,,,,,,,,,,,,,,,,,,,,,,,,,,,,,,,,,,,,,
1985-09-01,317.8,,,,,,,,,,,,,,,,,,,,,,,,,,,,,,,,,,,,,,,,,,,
1985-08-01,284.2,,,,,,,,,,,,,,,,,,,,,,,,,,,,,,,,,,,,,,,,,,,
1985-07-01,282,,,,,,,,,,,,,,,,,,,,,,,,,,,,,,,,,,,,,,,,,,,
1985-06-01,295.2,,,,,,,,,,,,,,,,,,,,,,,,,,,,,,,,,,,,,,,,,,,
1985-05-01,291.8,,,,,,,,,,,,,,,,,,,,,,,,,,,,,,,,,,,,,,,,,,,
1985-04-01,290.1,,,,,,,,,,,,,,,,,,,,,,,,,,,,,,,,,,,,,,,,,,,
1985-03-01,308.5,,,,,,,,,,,,,,,,,,,,,,,,,,,,,,,,,,,,,,,,,,,
1985-02-01,320.6,,,,,,,,,,,,,,,,,,,,,,,,,,,,,,,,,,,,,,,,,,,
1985-01-01,338.9,,,,,,,,,,,,,,,,,,,,,,,,,,,,,,,,,,,,,,,,,,,
1984-12-01,329,,,,,,,,,,,,,,,,,,,,,,,,,,,,,,,,,,,,,,,,,,,
1984-11-01,265.8,,,,,,,,,,,,,,,,,,,,,,,,,,,,,,,,,,,,,,,,,,,
1984-10-01,240.2,,,,,,,,,,,,,,,,,,,,,,,,,,,,,,,,,,,,,,,,,,,
1984-09-01,232.3,,,,,,,,,,,,,,,,,,,,,,,,,,,,,,,,,,,,,,,,,,,
1984-08-01,205.9,,,,,,,,,,,,,,,,,,,,,,,,,,,,,,,,,,,,,,,,,,,
1984-07-01,199.5,,,,,,,,,,,,,,,,,,,,,,,,,,,,,,,,,,,,,,,,,,,
1984-06-01,207.3,,,,,,,,,,,,,,,,,,,,,,,,,,,,,,,,,,,,,,,,,,,
1984-05-01,204.4,,,,,,,,,,,,,,,,,,,,,,,,,,,,,,,,,,,,,,,,,,,
1984-04-01,198.3,,,,,,,,,,,,,,,,,,,,,,,,,,,,,,,,,,,,,,,,,,,
1984-03-01,199.2,,,,,,,,,,,,,,,,,,,,,,,,,,,,,,,,,,,,,,,,,,,
1984-02-01,201.8,,,,,,,,,,,,,,,,,,,,,,,,,,,,,,,,,,,,,,,,,,,
1984-01-01,245.5,,,,,,,,,,,,,,,,,,,,,,,,,,,,,,,,,,,,,,,,,,,
