Date,PPI Input Index,Fuel Input Index,Black Metal Input Index,Base Metal Input Index,Chemical Input Index,Wood and Pulp Input Index,Construction and Non-metal Material Input Index,Other Raw Material Input Index,Subsidiary Agricultural Products Input Index,Fabric Raw Material Input Index
2026-04-01,109.057020651256,117.350279344111,97.3935450403004,170.353067178762,106.155757597403,98.3968994105249,87.7432795515139,101.378501729002,97.7904183534322,103.213755986455
2026-03-01,106.911152253972,110.741623551054,96.8175481156223,170.677818437563,98.8912324480852,98.3370863455029,88.7130572813237,101.313777363651,97.5245318925651,101.89286723836
2026-02-01,105.642084643128,106.996241686273,96.632915732034,168.419292787575,95.9145985764041,98.4663154948969,88.8618896309025,101.119033282072,98.0358016212288,100.795873401301
2026-01-01,105.799650751142,109.865063985528,97.9133889401772,163.092771773769,95.9128775631733,99.3791995252444,89.3617947572666,100.968702023842,98.3753314559879,101.19510074652
2025-12-01,103.807244818229,107.686618134167,96.9453785882664,152.136171431896,95.1870800643371,98.6917332514538,88.5207852949735,100.412072733225,96.3132707141178,101.002731561751
2025-11-01,103.354539051575,106.030327308216,97.4019782167608,148.541590298316,95.3101243043004,98.7666917565153,88.4460502261358,100.274284867285,96.2529732559328,101.017748220342
2025-10-01,103.214097865821,105.945916220968,97.3607246263992,145.97574046302,95.7408452011027,98.3650192243182,88.3069451985694,100.149129804858,96.5669985020697,101.199930629365
2025-09-01,103.108616727125,106.107508058869,97.0071694354352,142.577695037431,96.2646852786925,98.0694007158368,88.4994186843025,100.024100011189,97.912457521367,101.307185845577
2025-08-01,102.853339916213,105.521801524179,96.3383242666336,140.694464652664,96.3705803922098,98.3330853346501,88.9032307615876,99.9404224594393,98.1477002900378,101.240846851108
2025-07-01,102.73572143953,104.536089130429,95.4540490948046,140.240661639996,96.5049699345513,98.6189291446095,90.1096874981487,99.9511813300822,98.5169591408594,100.974780746121
2025-06-01,102.990067293012,105.239526695581,95.7406506507988,138.682834699635,96.9231209449762,98.9877372860847,91.205935438669,100.113340547667,98.7922266924593,101.063215153465
2025-05-01,103.707211717271,107.481553220716,96.7637521307493,138.178571309982,97.6589916969021,99.4637600167863,92.481312638843,100.33975248891,99.3689570559572,101.197602364173
2025-04-01,104.373389736816,109.767203576993,97.225548059965,138.257012089149,98.8467881299346,100.126964722372,92.6463512815207,100.567403792938,99.5589029284059,101.54522042077
2025-03-01,105.157748761819,112.783509499945,98.0405538676402,137.516013597297,99.6649668936414,100.827308161588,93.0715963823973,100.841443384957,99.9279040950435,101.863013894805
2025-02-01,105.477756908698,114.555796786004,98.6704486016986,137.035654070351,99.3116634402848,101.09577814175,93.3880341718342,100.957995097997,100.062268482219,101.908687115191
2025-01-01,107.297336430868,117.703064240027,100.903101316507,140.728340639819,101.176027194165,101.940348782827,94.7259524068213,101.878632711676,101.379913467195,103.245101977462
2024-12-01,104.53192088911,110.510201658038,99.3183978019717,134.373689170976,98.793526956072,99.9159109823774,94.0789655621495,100.958103523162,99.0606528884914,102.537177741509
2024-11-01,104.46233050316,110.141061659292,99.5475449279193,134.22155978582,98.9531611833497,100.069566140313,93.4154314146032,100.883465949295,99.6644017910459,102.464308533979
2024-10-01,104.496036404299,110.671615709072,99.055279799159,132.696973650613,99.246060336094,100.374016464941,92.0382837656809,100.93643931389,100.332108778388,102.419939968687
2024-09-01,104.817678067491,111.74709508887,98.6314192013462,130.724603131804,100.258973152273,100.903949277931,92.2552018098545,100.989780317427,102.024021866667,102.326384955355
2024-08-01,105.377417483981,113.033267034191,100.450026484145,131.150768920644,100.814296859929,101.247561415194,92.7332126165622,101.025039438746,102.527745556843,102.400029344113
2024-07-01,105.68281029451,113.066294450281,101.782482546582,132.831886360584,101.003532611537,101.637166979183,93.0538915363507,101.253169867484,101.808253805764,102.484024804682
2024-06-01,105.664784462543,113.40266538922,101.660228059167,131.285188236789,101.043998031937,102.199849017062,92.8362301655697,101.378237641725,101.957838448746,102.455597573954
2024-05-01,105.618569211797,115.156318283839,101.92463400257,127.96846306494,101.00703420141,102.453299921449,92.5908888149827,101.427026926992,100.951761260445,102.731492978995
2024-04-01,105.355851535131,114.907175555951,101.618306842226,123.381796450906,100.851431257974,102.455270146876,93.017557344148,101.477725201612,101.65489929204,102.812560379027
2024-03-01,105.982275423593,117.404041283259,103.94624280688,120.378000526899,101.077699765126,102.847212724254,94.1675065656128,101.828448572841,102.313077628934,102.936491741442
2024-02-01,106.309657266991,117.425742515716,105.803880247317,119.822545302843,101.394761572783,102.768041082441,94.6218448340281,101.858661267009,103.017306983099,102.610536246476
2024-01-01,109.814823965707,124.189151355466,110.710752478643,126.951808135716,105.494362230661,104.501289680501,96.8754924558837,103.209146829764,104.795275741047,104.79986997008
2023-12-01,103.933685433737,109.700103842086,105.737601612832,114.846897980998,100.945772757682,99.9339704933509,95.4539232261232,101.135831059097,100.198949033468,103.363917476851
2023-11-01,103.893745269223,109.865917325294,105.101953268865,115.366077388765,101.172019238173,99.7326502221918,95.1604245478305,101.189634627,100.280770060743,103.215553055693
2023-10-01,104.065855544096,110.142454544228,103.927538507522,115.893722718711,101.462272959531,98.9248973016157,95.2251185081411,101.399328074928,101.654898688961,103.124160413883
2023-09-01,103.860102498071,108.980948317152,103.015096484288,116.179868075595,100.280856448529,98.5774462520815,95.5833419766622,101.403786231902,102.903836467561,102.618425719153
2023-08-01,102.644360932165,106.4602842316,101.311222432985,114.394617626771,97.5156511059488,98.4557498078406,95.9993038715507,100.958854779379,102.553071294127,101.514847942744
2023-07-01,101.878335017343,104.333681619002,100.424115799091,113.017870349788,95.8893535768701,99.3174771394933,96.9893278898882,101.213257133409,100.788227846178,100.858138471321
2023-06-01,102.141413221731,105.920574794879,99.2121172035023,110.614432158282,97.0132052090115,100.735564845604,98.1915187343314,101.259973861134,102.038652266603,100.393060517793
2023-05-01,103.405762896874,109.491099161384,100.025207621806,110.776063536717,99.3524930040028,102.380160591099,99.2637786468216,101.564642407587,103.685956805114,100.233507128836
2023-04-01,104.587849527197,111.744253734374,102.143063177571,111.624388237945,100.590911369227,104.295631544261,99.7872232477993,101.978176497671,105.389320637965,100.090854366336
2023-03-01,106.087348226819,115.865725970613,103.467208386054,112.096230309323,102.350286705032,106.319916143675,99.6278483581985,102.587133766901,107.355635174465,100.337483943281
2023-02-01,106.541775119989,118.948589273573,102.714088930692,112.11220198474,103.127179420023,107.051645578688,99.2348289471917,102.334976167554,107.388308827122,100.501419332547
2023-01-01,113.571271806011,133.175158006586,110.654822010544,125.165912179698,111.70727588723,111.082258837375,104.093700097019,105.191669145756,111.17659765683,104.880086779754
2022-12-01,101.58762093723,101.58762093723,101.58762093723,101.58762093723,101.58762093723,101.58762093723,101.58762093723,101.58762093723,101.58762093723,101.58762093723
2022-11-01,101.486134802428,101.486134802428,101.486134802428,101.486134802428,101.486134802428,101.486134802428,101.486134802428,101.486134802428,101.486134802428,101.486134802428
2022-10-01,101.182587041304,101.182587041304,101.182587041304,101.182587041304,101.182587041304,101.182587041304,101.182587041304,101.182587041304,101.182587041304,101.182587041304
2022-09-01,100.879947199705,100.879947199705,100.879947199705,100.879947199705,100.879947199705,100.879947199705,100.879947199705,100.879947199705,100.879947199705,100.879947199705
2022-08-01,100.07931269812,100.07931269812,100.07931269812,100.07931269812,100.07931269812,100.07931269812,100.07931269812,100.07931269812,100.07931269812,100.07931269812
2022-07-01,100.279872443006,100.279872443006,100.279872443006,100.279872443006,100.279872443006,100.279872443006,100.279872443006,100.279872443006,100.279872443006,100.279872443006
2022-06-01,100.682602854424,100.682602854424,100.682602854424,100.682602854424,100.682602854424,100.682602854424,100.682602854424,100.682602854424,100.682602854424,100.682602854424
2022-05-01,100.783386240665,100.783386240665,100.783386240665,100.783386240665,100.783386240665,100.783386240665,100.783386240665,100.783386240665,100.783386240665,100.783386240665
2022-04-01,100.381858805443,100.381858805443,100.381858805443,100.381858805443,100.381858805443,100.381858805443,100.381858805443,100.381858805443,100.381858805443,100.381858805443
2022-03-01,100.583024855153,100.583024855153,100.583024855153,100.583024855153,100.583024855153,100.583024855153,100.583024855153,100.583024855153,100.583024855153,100.583024855153
2022-02-01,100.182295672463,100.182295672463,100.182295672463,100.182295672463,100.182295672463,100.182295672463,100.182295672463,100.182295672463,100.182295672463,100.182295672463
2022-01-01,113.399718997356,124.234194229909,119.827685088075,127.506910288886,116.983133408204,106.595432142389,109.766334391674,104.859719424741,105.564545059272,108.850973796657
2021-12-01,114.331945441022,130.786998019523,117.666942858112,123.358586299841,119.737035966318,107.495148812991,112.652380223418,104.904667428045,104.662952149144,109.556966317891
2021-11-01,116.689093445543,137.432818381092,121.737212143549,127.123182685946,123.070749890788,107.391572178322,113.836974753181,105.363667998976,105.000327176396,108.925700986855
2021-10-01,115.790825945322,133.458951571253,124.614352459649,127.486469553961,121.658963881109,106.864356983192,111.803982797257,105.305964491768,103.307152684757,107.415117548002
2021-09-01,112.712455835628,123.487023061115,124.972877825436,124.128157650781,116.823399291611,106.338908535161,105.624057690736,104.687030741023,103.411748160406,105.866597425564
2021-08-01,111.251996983375,118.684956736294,126.483526025676,122.035667633196,115.528160693145,106.014034860822,103.089754762155,103.915693159517,103.257922920383,104.580486136951
2021-07-01,110.67941054759,116.053909276355,127.272668208848,122.433591601078,113.887828404384,106.120363868225,103.249901215335,103.613113868257,103.805408405427,103.83225407029
2021-06-01,110.472898350968,114.405862528915,126.795410970126,124.432055160666,113.140651116311,106.229129774991,103.717356550986,103.414442620586,104.810112701814,103.440422338735
2021-05-01,109.856357405318,111.978951622073,125.416560680366,124.730215739009,113.152721219672,105.829339652775,102.868585643255,102.961250781955,106.352766536909,103.143408793149
2021-04-01,107.000477545436,106.169151917827,118.988265128022,119.865146816916,110.491920394387,104.511501022982,100.129168135039,101.901552308508,105.85523602149,102.03785718095
2021-03-01,104.485114373481,101.243173270653,115.033385641089,115.511152000601,106.089151697112,102.647951065382,98.2933571941966,100.999933785808,106.270907422832,101.038064647319
2021-02-01,102.220620602633,98.7582250696774,111.423291496203,109.989921917728,100.336564357931,100.840077341216,98.1412611387516,100.548784612744,105.559760321226,99.6922650516475
2021-01-01,101.017411662681,95.4283882571901,108.939717706657,108.503134306055,99.0410309555092,99.9415206144571,98.4369350087691,100.398836938867,105.561537246732,98.9961458845709
2020-12-01,100.393092332263,100.393092332263,100.393092332263,100.393092332263,100.393092332263,100.393092332263,100.393092332263,100.393092332263,100.393092332263,100.393092332263
2020-11-01,100.393092332263,100.393092332263,100.393092332263,100.393092332263,100.393092332263,100.393092332263,100.393092332263,100.393092332263,100.393092332263,100.393092332263
2020-10-01,100.092813890591,100.092813890591,100.092813890591,100.092813890591,100.092813890591,100.092813890591,100.092813890591,100.092813890591,100.092813890591,100.092813890591
2020-09-01,99.6940377396328,99.6940377396328,99.6940377396328,99.6940377396328,99.6940377396328,99.6940377396328,99.6940377396328,99.6940377396328,99.6940377396328,99.6940377396328
2020-08-01,98.8047945883378,98.8047945883378,98.8047945883378,98.8047945883378,98.8047945883378,98.8047945883378,98.8047945883378,98.8047945883378,98.8047945883378,98.8047945883378
2020-07-01,99.0028001887152,99.0028001887152,99.0028001887152,99.0028001887152,99.0028001887152,99.0028001887152,99.0028001887152,99.0028001887152,99.0028001887152,99.0028001887152
2020-06-01,99.5003016972012,99.5003016972012,99.5003016972012,99.5003016972012,99.5003016972012,99.5003016972012,99.5003016972012,99.5003016972012,99.5003016972012,99.5003016972012
2020-05-01,99.6997010994,99.6997010994,99.6997010994,99.6997010994,99.6997010994,99.6997010994,99.6997010994,99.6997010994,99.6997010994,99.6997010994
2020-04-01,99.5006997,99.5006997,99.5006997,99.5006997,99.5006997,99.5006997,99.5006997,99.5006997,99.5006997,99.5006997
2020-03-01,99.6003,99.6003,99.6003,99.6003,99.6003,99.6003,99.6003,99.6003,99.6003,99.6003
2020-02-01,99.7,99.7,99.7,99.7,99.7,99.7,99.7,99.7,99.7,99.7
2020-01-01,100,100,100,100,100,100,100,100,100,100
2019-12-01,100.09674576693,103.248575940587,97.2606495411258,96.4952583626388,101.21684619116,100.752618328281,100.704899460799,99.9468121056035,98.2659097751265,101.011010624803
2019-11-01,101.061123052298,106.320968368125,97.0323366754379,96.5135389564459,103.633480242343,100.826156607687,100.405956162171,100.169952218933,98.7870012699467,101.880003904275
2019-10-01,101.858198965228,108.91938181957,97.9258663825077,96.9422210381681,106.047957859026,100.812722589561,99.9072127217237,100.031413042567,98.0661794145536,102.583184935196
2019-09-01,101.847934736535,109.200844472684,98.0266926985338,97.0104422218726,107.03501971098,100.605016246967,100.154717890449,99.812790557342,96.1420564727435,103.313610729995
2019-08-01,101.491448152739,109.4249191032,99.1590812027286,96.0826722692752,107.450257993229,100.608377439522,99.829715395418,99.0609136216896,93.5107347203515,103.219523354715
2019-07-01,102.038111876305,110.592989732753,100.906741958434,97.8362449638869,108.386857047563,101.120201467534,99.8658164205724,99.0814078562478,92.5049733947928,103.327331663721
2019-06-01,103.161205280621,114.065496593417,100.577029555647,100.415022196748,109.487322999636,102.050166286474,99.932841752593,99.5402448735517,93.0452017123165,103.642197002091
2019-05-01,104.105761769607,116.2557014546,101.172087660141,103.210974751977,110.98253366873,102.884116327658,99.4682155338276,99.7202521347411,93.3637141103924,104.062580639857
2019-04-01,103.768421269419,113.990293839648,100.845135308092,105.182888508862,110.621660806258,102.727732420134,98.5994253018013,99.86009615969,93.2179464120146,103.743808175179
2019-03-01,102.546055318077,108.699829151121,100.071659008303,105.060775267208,109.308653336077,102.438455682356,97.4060637595869,99.9802388464846,92.9249283184401,103.211315042179
2019-02-01,101.373530171602,104.433052344143,99.5873520112843,102.724508008541,107.960886419284,102.555170659372,96.8746287912153,99.940300023289,92.6987209923284,102.891665751542
2019-01-01,100.887953942452,102.264562211063,98.6110865260323,101.817651643913,107.554417210241,102.822220114167,97.5669158735206,100.12034064288,93.2644744688058,102.886162093878
2018-12-01,101.609667144231,105.615118894897,97.7997180050799,100.501469738755,109.30435948655,103.553742633434,97.7644401647754,100.384905192282,92.9104673477084,103.6117833346
2018-11-01,102.933470463149,110.539741006167,98.3038982723708,99.8960550945245,112.279176296923,104.387085991038,97.090711541997,100.528815883267,92.5312603855831,104.371093120517
2018-10-01,103.488287307789,112.95449824882,97.5304631210216,99.7613455876385,114.599136793976,105.234913908901,96.2795432777725,100.481235477819,92.3464942319407,105.113600003998
2018-09-01,103.189098842814,112.527362679485,96.5249115608151,98.7778145475326,115.009305025629,105.614553344645,96.0009847393293,100.347978190204,91.9941969196902,105.324777852362
2018-08-01,102.700935924229,112.282960815916,95.5490996656184,98.5118667179718,114.467767356653,105.534679971185,95.8017386275863,99.8533507543857,91.2515178787252,104.901523405797
2018-07-01,102.42201104356,112.344799658601,95.0341465780122,99.6758839268602,113.954133892279,105.059812197553,95.9116382515729,99.5666839129615,90.4320937818573,104.322102823046
2018-06-01,102.895655746626,113.039977535005,95.6374874869748,102.420765698331,114.420573241856,105.080607168289,95.7188257730363,99.6034705092307,90.8711998410349,103.878007775133
2018-05-01,103.191839366489,113.230329975348,96.3629580085961,103.884309826055,114.657036942741,105.30138888038,95.3067721942751,99.8621027921359,91.3821871050886,103.401678683467
2018-04-01,103.11909553073,112.319199242839,97.0879461760207,105.233384218902,114.061193834659,104.221456153409,94.0423357135752,99.961159692506,91.9304321153486,102.956711504292
2018-03-01,102.885378127353,110.413918471655,98.282179935704,106.266852176417,113.200489048445,103.276398274473,93.0828893787081,100.020729879952,92.4735517831478,102.420661551672
2018-02-01,102.334984096591,108.131097424971,98.0525275875327,106.458166572422,112.021777492332,102.454584834909,92.5001790686237,99.8310528877771,93.332779214371,101.793664178044
2018-01-01,101.459666063068,104.562642097597,97.7946560746018,106.196534329858,110.606568573655,102.280599459288,92.1918896866992,99.8262193476172,93.7205295890106,101.579670558913
2017-12-01,100.482203255391,102.484720758196,96.3111946120844,104.110356752315,109.626584277271,101.947873648679,90.7627740360764,99.6573462251402,93.5021906965161,101.579029124686
2017-11-01,99.6649524950796,101.708319059955,93.940161733353,103.388830441523,108.723198508837,102.498916217216,88.7325418860596,99.4467299568274,92.6917864596281,101.700402763053
2017-10-01,99.2892489421732,101.826081677519,92.8691377728744,102.33454180288,108.185672384641,102.380240705511,87.5049478743447,99.3676752029619,92.1965613717131,101.923777003764
2017-09-01,98.7167308666074,101.684149078623,92.216191622463,99.7512473788052,107.750877241378,100.96689522336,86.8278022986269,99.0159918487773,92.0955724235001,101.937073620312
2017-08-01,97.7716265046184,101.317396830242,90.1894673211784,96.4775047514972,107.074936214742,99.0424657578887,86.3332635427826,98.5481053557287,91.6273048325568,101.98840330404
2017-07-01,97.1774936509667,101.418836286417,88.15767104841,94.2572182384575,107.122669035276,98.1270485953357,86.3189444175285,98.2226706445797,91.2569984241738,101.830943587449
2017-06-01,97.5400578371989,103.610232985559,88.0080841614319,94.122955722942,107.581821606758,97.7882602682161,86.1429891054212,98.1280220685661,91.1100953520138,101.735325979454
2017-05-01,98.4346553679827,106.097991929413,89.6918558110074,95.1940938862867,108.449976042292,97.5889759368269,85.7495452312557,98.3056790777426,91.8440476591097,101.704279844922
2017-04-01,99.0853350121415,106.845172372718,91.4475157519793,97.4326723942669,109.339097537796,97.3987088058093,85.0107097019167,98.4925542493403,92.7698534480428,101.368490908834
2017-03-01,99.2989645893136,106.21151468477,92.9000150963761,98.5155002574286,109.960881060138,97.2346744652566,83.8215588001504,98.6641461820427,93.1816965208923,101.038553001945
2017-02-01,98.4134776540275,103.952151227028,91.4028513224521,98.1136277215065,108.408621001187,96.5214114531275,82.9186999138107,98.4114644446703,93.39739517223,100.41422123676
2017-01-01,97.0384838985877,100.690576868638,89.665253254887,96.3845667820122,105.57287521985,95.7199017672319,82.5064958548124,98.1871352476792,93.6994541168876,99.5555974550896
2016-12-01,95.3859372809852,97.1551241484518,87.4078637928747,95.1517119505067,102.69313073993,94.7596372182944,81.6308078345398,97.6053612463096,93.1351466733352,98.887055818429
2016-11-01,93.3326211048992,94.5725826719986,83.5123348180658,91.1252450533124,99.9248145430246,93.5715991480656,80.6310933993177,96.8314872434555,91.902538641426,98.2779735750376
2016-10-01,91.6387935522419,91.6326145696123,80.5649863288831,86.4601586595309,98.7662369253229,93.0818144821521,79.4556325069719,96.3648184523452,91.1390213562557,97.9907459138181
2016-09-01,90.9022815163937,90.0470656036531,79.4670059543623,84.771115300023,98.4181968599421,92.9302252790776,78.6464888329195,96.1043098037147,91.3903707304846,97.6159198921378
2016-08-01,90.6607877699013,89.7576330308491,78.4559834103137,84.1385553705801,98.7717252335583,92.96392285451,78.5491879109218,96.0775473754094,91.0995878296891,97.792086949189
2016-07-01,90.649957818971,90.82182389205,77.3945953432426,83.4098867317573,99.347109207064,92.7630245523122,78.6833673426254,95.9510713054736,90.635058916216,97.5644552131464
2016-06-01,90.6414413564834,91.2789844161388,77.283436988587,82.2536281682765,99.9951571369079,92.8611122335691,79.1207402466128,95.8416813203592,90.6008770485721,96.9809720907311
2016-05-01,90.8018598653253,90.687467519399,78.3311856160256,82.8741804568741,100.778263552466,92.9922743019016,79.2592336562952,95.8748304542004,90.5424375959287,96.9672638551473
2016-04-01,90.5821375761117,90.189199176176,77.4910931250418,83.4461315620645,100.86168026255,93.0093696274596,78.862282803013,95.8878464856777,90.4329147352282,96.8926533740082
2016-03-01,90.1568361244227,89.2748052463879,75.8632149253726,83.9424910341799,100.062496847686,93.1216482616052,78.6340524609139,95.7899887824784,90.8050702699326,96.7924089855418
2016-02-01,89.7176899636532,88.4251664087997,74.9795852290103,83.2440754768792,98.8260847553945,92.9653488678832,78.545345681964,95.8070997683913,90.8272111038767,96.8178978850075
2016-01-01,89.8437146061001,89.1927930732899,75.2710844673664,83.0730379223032,98.4426054539862,92.8137014267935,78.7238452277877,95.8944385182371,90.8081315340748,96.6450140231458
2015-12-01,90.1049132953737,89.5814489669402,76.0245390490407,83.1096473253463,98.3304510336831,92.8586111762263,78.7278834286853,96.0302091384658,90.5674568368747,96.6569339070906
2015-11-01,90.4582697325125,89.944450187577,77.1626283014956,83.8402127898957,98.5444714979825,93.0753846907133,78.7367325344403,96.2387726158417,90.4224998533224,96.5985914992416
2015-10-01,90.9586711327566,90.2044119357681,77.9392926326094,85.2944714558262,99.0521237719745,93.3119043452145,79.0563648485442,96.5916040158358,90.9186534755631,96.9063581798372
2015-09-01,91.4793524392104,91.4073604963575,78.4340261485678,85.2499463543927,99.8844345753332,93.448613441025,79.4479784681892,96.7347953330444,91.6601264550113,97.3094803945407
2015-08-01,92.1301084692416,93.6405348687823,78.8011633240105,84.9062592462601,100.997143890943,93.440165738559,80.0406593189258,96.7445596446951,92.0244028806574,97.5019364755866
2015-07-01,92.9246686576464,95.8975443330719,79.3663563656465,86.0938209116828,102.537242144402,93.4289661898158,80.6964200446203,96.9290701061054,91.3285407520444,97.7779081730413
2015-06-01,93.658650990639,97.5159431062185,80.6221958803974,87.315187443395,103.767628825365,93.5662404247155,81.5007894455814,97.1132413136323,90.5118740190795,98.0663672595771
2015-05-01,94.1174856983142,98.108560568525,81.4762216503659,88.8334894178909,104.479161816895,93.6070246946849,82.234267682872,97.3213551403415,90.4821411312415,98.1064202283052
2015-04-01,94.4343378157427,98.9258741837468,82.378829618219,88.8795539351235,104.508916202846,93.6832349418282,82.7865721644021,97.4824523109823,90.5038028715813,98.1874156790655
2015-03-01,94.8628663981433,99.4303021224868,84.0992587885723,89.4903613187934,104.429414237098,93.6834928540153,83.1208626889135,97.7612679994131,90.5645348985337,98.2760532209549
2015-02-01,95.1950102115334,98.6915441554582,85.6457163713113,90.758851207787,104.387883615962,93.6518890197575,83.3738654591226,98.0098602549424,91.2435582760739,98.3826406680763
2015-01-01,96.0205049579283,100.551022010097,86.8588041857647,92.4282049014491,104.917656763445,93.4659954781167,83.3772300438239,98.2283537776898,92.0851949523779,98.3981389672061
2014-12-01,96.9821521209865,102.050433477165,87.9525670294418,94.2825946507391,106.395250605121,93.5363793172931,83.2481966069573,98.7110920966748,93.0021067075135,98.5109517925325
2014-11-01,97.463373583345,102.776579396074,88.6651147183729,94.782017437574,107.277897302573,93.6336086324816,83.2753163255261,98.9599964273083,93.3936412731413,98.6880451682976
2014-10-01,97.9251977813121,103.604477363239,89.2662585902276,94.853216862379,107.783788587155,93.7540721778002,83.1152892480433,99.2151298133652,93.8439780900127,98.9345195639108
2014-09-01,98.335053592347,104.333659159219,89.8978341586059,95.1094006049292,108.267216188044,93.836138320571,83.1534448691469,99.4165345340129,94.4983929544961,99.3145148450591
2014-08-01,98.6851732898493,105.724798374369,90.3807794922451,94.3649520752825,108.541632004893,94.0144630658592,83.4785688095426,99.4725985937865,94.1053598653634,99.5545801719812
2014-07-01,98.8726328608466,107.117114849891,90.6089914922619,93.6725411897458,108.533778293276,94.2401660817612,84.2829536163728,99.493300821304,93.1332341399592,99.8158228131331
2014-06-01,99.0436527602109,108.258834643025,90.9733440905815,92.5194477982607,108.719116907411,94.2804864807574,84.8033106387493,99.4463644913236,92.794997273548,99.9917301225654
2014-05-01,99.3690092584729,109.293202068741,91.9259424368501,92.432807692535,109.178762558118,94.2736897130297,85.3150222799833,99.3272613595481,92.4702347937998,100.304051151225
2014-04-01,99.6994969716721,110.567571029644,92.7821253493401,91.9513906145062,109.936049557053,94.4034013359185,85.5948083277172,99.4492890804215,91.809188706816,100.503157966872
2014-03-01,100.348392816674,111.792802391176,93.5601983021906,93.1094340457204,110.680985818102,94.4212031145396,85.7745743095652,99.7524653011217,92.4835485465198,100.750259561283
2014-02-01,101.008161317195,112.139335977949,94.8388237169222,95.4341068407224,111.321832164796,94.4614325113224,86.1245384061791,99.9812157629196,93.2166817982446,100.92871818457
2014-01-01,101.299775048646,111.981711303967,95.6990743568137,96.5493091872708,111.284448709934,94.2931510381973,86.0833282085043,100.156209326685,94.0152197212772,100.873241759911
2013-12-01,101.21212567545,110.689209945586,96.1603123808031,96.7756530113706,110.939485415936,94.3391217668614,85.7338793027545,100.337333657518,94.7414124512997,100.799136482598
2013-11-01,100.948714482015,109.496372300635,96.0630637837637,97.1883179146896,110.316015842523,94.3163930246601,84.8836502075488,100.402167553281,94.8751015833006,100.698513762765
2013-10-01,100.69240738527,108.596667108342,96.068850082405,97.5301591745484,109.815101525296,94.3181925776219,84.2505348633724,100.462041128903,94.8814224246193,100.7224030099
2013-09-01,100.415710839054,107.859531403677,96.0478832041964,97.0439631430758,109.25832516886,94.4075794126152,83.8272487933223,100.492160369312,94.7372041825279,100.723531548084
2013-08-01,100.150831462702,107.490410714356,95.4969167429437,96.4229724726966,108.95424069727,94.400081850048,83.7366316859142,100.43407140251,94.1386449688858,100.693326876393
2013-07-01,100.011554578041,107.844758311669,94.7996183227019,95.3288278884604,109.016707430683,94.5566085354066,83.8418983212304,100.415472038946,93.3086879118167,100.809667893775
2013-06-01,100.482569571964,109.09023446086,95.1172824210693,96.4759876775337,109.802061046319,94.655433152506,84.237792242234,100.584573397989,92.8659470465214,101.00722559738
2013-05-01,101.088972117128,110.802319354685,96.5617228782981,96.8221718260343,110.766916401157,94.8442204257405,84.5641497627801,100.710834425002,92.0695497975916,101.162224491228
2013-04-01,101.87286757818,112.835218482666,97.6527014653126,97.9119325694422,111.808881211985,94.956200182964,84.7819797114383,100.988810656236,92.3549792433143,101.289062783895
2013-03-01,102.704611437084,114.672108639005,98.4671733467757,100.128398534419,113.173037395691,95.164578799641,85.1074399049854,101.078114058094,93.3057242763061,101.273142465199
2013-02-01,102.991125831032,114.499230634485,98.6827445033309,101.874578853435,113.612920664157,94.8131163727671,85.4446939504118,101.187427932261,94.06120393581,101.151475319782
2013-01-01,102.918603936912,114.26887080348,98.2283911327314,102.140950147993,113.241051549792,94.6949990280071,85.6784261461213,101.177658070517,94.2269974103133,100.961896071667
2012-12-01,102.629993151515,113.666933680499,97.5395707160774,102.495866794639,112.878421415081,94.5169769757807,85.9214251519407,101.111543596086,93.5022576175089,100.629009436484
2012-11-01,102.609365213831,113.214116985731,97.6319744647344,102.619127091712,112.949555756666,94.605896793808,85.8740767269691,101.212309402671,93.1631288436009,100.363003543816
2012-10-01,102.572338753172,112.640513450831,97.5331337597686,103.973731169006,112.844866326196,94.6512979822706,85.4024117490476,101.445974451575,93.4145312082416,100.242338257942
2012-09-01,102.259177754672,111.861689332517,97.5212053880067,103.183135990864,112.05568204511,94.8138531300208,84.4869471093237,101.374716711741,93.4686173468846,100.082782017079
2012-08-01,101.968160500456,110.721932610958,99.4404974672544,101.362490039236,111.561688625215,94.7965258873237,84.5343121322979,101.30981517738,92.5091321628801,100.237856882823
2012-07-01,102.370933283286,111.62769398843,101.054972041183,101.68913028341,111.741352640749,95.1045719864827,84.9957294546108,101.420498070047,91.8538583571278,100.57396315027
2012-06-01,103.180680574633,114.424911827674,101.7941519784,101.55974849528,113.091089842044,95.3569728654849,85.4288395134124,101.612162375529,91.6737011226631,100.941909263219
2012-05-01,104.114109004815,116.830408899562,102.82329463414,102.303703372074,114.861481439582,95.5785810873007,85.8125368966094,101.771954772133,91.6889215943794,101.50882676179
2012-04-01,104.563576153502,117.911998245671,103.338093316981,102.88281261329,115.832061529479,95.5062372154626,86.2914866696934,101.83853257468,91.5189488891707,101.90867697251
2012-03-01,104.682100034447,117.777636965461,103.545595503167,103.84400222169,116.428915076265,95.3354476909268,86.697733261811,101.865560823005,91.4967460991645,102.1528905743
2012-02-01,104.781689814088,117.380885957154,103.979372660751,104.008210106177,116.717506283837,95.2648858385896,86.7667482267084,102.088042812161,91.5871663906203,102.009549432695
2012-01-01,104.794471709977,117.058035326328,104.727031659259,103.184925639029,116.732367833601,95.1702847084733,86.830851875079,102.194943830945,91.8038115985688,101.842371438562
2011-12-01,105.131741310509,116.70292849738,106.188044713509,104.570514039669,117.267176762193,95.3201086914932,87.1604874875572,102.26669111037,91.9167963590821,102.155124396112
2011-11-01,105.559573844137,115.530942055526,107.679206408886,106.419489557526,118.541757687489,95.6805283330082,87.2142709537973,102.663400865066,92.4930868740419,102.281247675448
2011-10-01,106.188219443645,115.001219931644,109.979642490237,107.127146513996,120.006390034292,95.9332026235764,87.0026699022277,103.085603085612,93.8923888789756,102.646251088387
2011-09-01,106.783913860446,114.629684490025,110.843063334123,112.58467278354,120.227543233251,95.7566440017044,86.9160025770042,103.419689469176,94.6269911921472,102.542563628676
2011-08-01,106.502414193275,114.210988900416,110.433136824781,112.768404504282,119.592626726335,95.659212945934,86.7210990646579,103.346867760989,94.2743891086706,101.694923107916
2011-07-01,106.131942771061,113.827537554779,109.739253829008,112.318817369528,119.054350682753,95.1915341109284,86.5500550134627,103.053683178651,94.0982202928372,102.41464174896
2011-06-01,105.926127952557,114.412223529304,109.42169121161,110.395279374177,119.108388336135,94.9419391384877,86.2484955807045,102.950625785174,93.0238554490155,102.809880759076
2011-05-01,105.760859950902,114.701391734909,109.172336407786,109.565432984187,119.313122653581,94.8806369305199,85.901952248096,102.927261715708,91.5318981153376,102.621257225711
2011-04-01,105.320758659106,113.576278939626,108.585951204035,109.443303516977,119.126133994728,94.7197528137463,85.0757026364391,102.793920240971,91.1608772397993,102.779082920568
2011-03-01,104.427750691169,111.48839340982,108.065447675064,108.265271050023,118.373735645642,94.3202755626298,84.5331268928742,102.329521085489,90.6939805258237,102.10876054066
2011-02-01,103.569029953098,110.234677772099,107.530012137747,107.428593077251,117.431647876283,93.7611903017197,84.5074420857592,101.70026169619,89.7492704550229,100.650103872259
2011-01-01,102.540308417934,109.422914646198,105.708439182835,105.524843581089,116.15392294752,93.4841287971789,84.6102341526743,101.188701474436,88.303446036491,99.2121172582213
2010-12-01,101.450488542704,107.573828235131,104.485445708257,103.499219050539,115.554629663612,93.053455030302,83.790335053891,100.422579115277,87.526205634292,98.5163526786268
2010-11-01,100.437272924964,105.700770407618,103.837228938174,102.721515016917,113.87296607828,92.5343600899499,82.2000668744555,99.9643630623817,86.200453750272,97.503572617205
2010-10-01,98.3224254107824,103.325444682519,102.592950084176,100.118828517753,109.195987292349,91.8900408271805,80.4835059225048,99.2161723634379,82.7975210572977,93.6553385842947
2010-09-01,97.0762853276782,102.074518691028,101.877815564451,98.15577400483,106.679275273515,91.6331521547411,79.5934089533005,98.777162816787,81.224885143474,91.6376797396568
2010-08-01,96.2951303736664,101.340717746598,100.485110850574,96.5482915276387,105.460870129043,91.7154486538198,78.909098329989,98.3319388782008,80.0971870082163,90.6371863706916
2010-07-01,95.6143628568117,101.090175448294,99.581900026323,94.4649431198722,105.078862032439,91.3546392619274,78.681868194057,98.0529811404862,78.7432805797801,90.0744430509763
2010-06-01,95.8607492783321,102.153771008307,100.479055290735,94.1939243806971,105.874122965453,91.2903260946997,78.7657493887712,98.048215033499,77.6492950325672,89.0900179888007
2010-05-01,95.9717422421978,102.687011400993,99.7918979961481,95.6903344840061,106.911400227223,90.7948678760956,78.5928199891089,97.9326943060971,77.3073463811973,88.6193931137401
2010-04-01,95.3992379158569,101.770859264898,97.9133915275338,96.6813635308984,106.648284686417,90.2092883940441,78.3385843797782,97.7128519400865,76.54145863963,87.6954632428055
2010-03-01,94.504751756714,101.445307925223,94.6282378941016,95.0529157594583,105.879906659787,89.0654160175919,77.9825893845703,97.3639591679248,76.0855541324024,86.8271773304932
2010-02-01,93.8125271314293,101.225599423415,92.8583869928731,93.578913830358,104.943385054766,88.0386763396429,77.8153242041982,97.0422344429294,76.187835700359,86.0993189668597
2010-01-01,93.4733896243701,100.665054872307,92.3217809457074,93.8833127945632,103.987397446303,87.531955802602,77.6240680299764,96.9240435578889,76.255134746538,85.749453118601
2009-12-01,92.6488479842046,98.6011257883877,93.9617317520297,89.3004478434331,105.52934215855,88.9612380786826,79.1221294182162,97.6873337697247,76.0436191436073,87.5700912698905
2009-11-01,91.5563107793655,96.2666397154991,93.8005681464986,88.1729742634481,103.70944087275,88.3804776408309,77.7673291149059,97.2415983097098,74.3748522435479,87.0567612653616
2009-10-01,90.9550651348588,94.8810327663168,94.1219725542899,86.458401137956,101.861928444355,88.1016690576994,76.8705882736436,96.7962657204272,73.5324343315255,86.557614218387
2009-09-01,90.6407892882149,94.2516331403767,94.8583012704385,85.5015453003746,100.640825729731,88.0241615319319,76.3119932438164,96.5563663898211,73.3738799850714,86.0447697085979
2009-08-01,89.5768654638757,91.9607239079837,94.3522167611023,82.8029944490898,99.5853353437611,88.1032167663975,75.6558948513797,96.1211523736078,72.7494886541474,85.4261888507932
2009-07-01,88.1238367343887,90.2590852216911,91.8652214264972,79.0501616065876,98.4806579498022,88.9529106737365,75.4380327843308,95.8484664129875,71.3254353077718,84.7360706029881
2009-06-01,86.5169217313467,85.4843272036042,91.1788160532985,77.781935904787,98.7631744080718,88.2885165325916,75.809190942032,95.6567951546332,70.5261535264007,84.1265514530696
2009-05-01,85.5363121588216,83.2147580234951,89.9836771831813,75.9447099079413,99.1756959436206,87.3027575731688,76.0085299701247,95.4509691092564,70.6648504398513,83.8404854434627
2009-04-01,85.1778909963008,82.0732736007242,90.4094104594033,74.8887401478686,99.3000788514125,87.8376712697606,75.835996495429,95.3296116488649,70.4801644932136,83.1236618415218
2009-03-01,84.7576248939139,80.7685572653049,93.3217336233744,71.5759907827246,99.0457499156099,87.8357159936804,75.7848293338876,95.0819913749266,70.4495871596319,83.0882079717638
2009-02-01,85.0521551508879,80.7221685992145,95.0444083857452,71.9284502923582,99.5667789893416,88.0386763396429,76.514576405308,95.3263599635849,70.8724053026595,83.0273085504915
2009-01-01,86.5494348373797,84.3797609994191,94.9812561169829,73.6339708192653,99.7959668390624,87.7073705436894,76.9316828840202,95.8694792857457,71.5338975108236,83.3328018645296
2008-12-01,89.9503378487423,89.2317880437898,100.709251609892,76.2599896186448,106.273254943152,91.7126165759614,79.2013307489652,97.2981412049051,73.9723921630421,86.6173009593378
2008-11-01,94.9754261196738,101.333304963683,104.688134092074,85.0269761460445,109.167832497632,92.7392210292035,78.7916201772096,97.9270879251861,74.300551691856,87.7588319207274
2008-10-01,99.2959226363087,108.435466018648,111.91673312044,96.1717476506741,112.679124385348,93.7251798486164,78.199988070848,98.4702601428557,75.6506526044501,88.1442099983574
2008-09-01,100.824014781107,109.978568425177,116.39055370606,103.013910000451,112.8260378136,94.0429076195854,77.7107874173283,99.0321706562268,76.6707209875354,88.0703886474902
2008-08-01,101.10255695697,110.796052901185,116.772545496414,104.681408911618,112.272080432651,95.3498016952354,76.8080150775428,99.0939715191833,76.6591029021574,86.9920456729055
2008-07-01,99.8004946029317,107.579362600347,115.845172038458,105.40021547545,111.529623952211,95.9578324420027,75.6650278679346,99.3248356611269,75.7170226197153,85.6785344822933
2008-06-01,97.4289659136787,101.404895852437,113.689296824562,105.969939924778,111.094684373534,93.6251500875839,75.4320307880915,98.7170228633986,74.3162840109596,85.3210460984479
2008-05-01,95.4646341058277,97.3272023666609,109.203491727162,106.514319646481,109.950882420865,90.9403724720508,74.5181666373772,98.4030609373777,73.8399691116524,85.2904226281411
2008-04-01,94.2233307481204,95.1022869069805,105.127221464422,105.477098799815,109.602736039087,90.2750989411723,73.986338044321,98.075732149038,73.493393632131,84.4752660991075
2008-03-01,93.0380075674137,92.5183932019529,105.092042368665,104.950133112499,109.322019774404,89.2639390179679,73.5775042076579,96.9235386084879,73.461509029856,84.1825815316756
2008-02-01,91.5523736823336,90.5972711551229,101.434800838575,102.316430003354,108.57882114432,88.2151065527484,73.1496906360497,96.5819249884345,72.4666720886089,83.9507669873524
2008-01-01,91.3932786033577,91.1228520512085,99.6655363242213,102.840741367689,107.077217638479,88.414688048074,72.0334109400938,96.0616024907272,72.5495917959671,83.5835525220959
2007-12-01,91.1350940716741,89.7704105068308,98.8314539841923,101.409560663091,109.899953405535,88.440324566983,73.2667259472389,96.3347932721833,73.7511387468017,86.0151945971577
2007-11-01,90.7119638201278,89.5170538548436,96.0441597174991,104.199725669172,108.732900894056,88.3230676468605,70.9834416010897,96.5750374015642,72.5591325115781,85.9538020771081
2007-10-01,89.4557861588367,87.0268587629599,95.0864342569584,104.762252342782,106.602766684341,88.004863707621,69.4493677360995,95.7881908004433,71.5710999096027,84.6726320829562
2007-09-01,88.4421182290412,85.2547042055636,94.4728520341396,104.582649746651,104.275450844362,88.6361052022483,68.8925420366386,95.6832566726829,71.5879747782777,84.6830660072021
2007-08-01,87.6865194769905,84.6417516433804,92.2373977064882,103.953732782143,102.813260469461,89.3625133038757,68.4563414238349,95.0997807285828,71.0464345710449,84.2946179001022
2007-07-01,86.4822310250708,82.6897483476918,91.288551645751,102.829478512634,102.32075591946,90.2707736989677,67.9219280681639,95.1387314761752,69.4014872774659,82.9414661009616
2007-06-01,85.8404986023601,81.1888677761705,91.0242568651417,103.18397266288,103.056293481942,88.6601800071817,68.6994815920688,94.9202142917294,67.8687525214243,82.8359670858717
2007-05-01,85.3124522840283,80.4357044352569,89.4377491622948,103.011914551722,103.531904351097,86.5274714291635,68.3652904930066,94.8920549058608,67.1883249423589,82.326662768476
2007-04-01,84.2784711521649,78.4672334216011,87.0258455831308,99.4129112156598,103.692276290527,85.8944804387938,68.316101610638,94.2129991825533,66.9338739819044,81.6975494188661
2007-03-01,83.8180248355078,77.7465489092041,89.0610528548008,96.2845257912835,104.215462130032,85.5838341495378,68.7640226239793,92.9276496725675,66.4208942403761,81.178960011259
2007-02-01,83.4570407313889,76.9730426126788,88.2041746422391,95.8019007522041,104.20232355501,84.8222178391812,68.9441005052306,93.1358968065906,66.5442351594205,81.347642429605
2007-01-01,83.9240391215406,78.7578669414075,86.8166692719698,98.3181083821119,103.15724242628,85.4248193701198,67.8919990010309,92.9029037627923,66.6203781413839,80.9134099923484
2006-12-01,84.3062849876726,77.9257035649573,88.1636520822411,98.7434865268656,105.77473860013,85.9478372856978,70.0446710776663,93.5289255069741,68.0361058549831,83.9172630216173
2006-11-01,85.3358079210986,81.4531882209678,87.5516496968998,100.773429080437,104.954537542525,86.08486125425,68.1877440932658,94.0360636821463,66.6291391290892,84.1035245372878
2006-10-01,85.603623118504,83.5190583137811,87.637266596275,99.8686866947398,103.699189381655,85.8584036171912,66.9714250107035,93.088620797321,66.4541317637908,83.093848952852
2006-09-01,85.368839989422,83.6650679151753,88.1276604796078,99.602523568239,101.435263467278,86.3899660840627,66.8210882993585,93.1677280162443,66.9672355269202,83.7616874453038
2006-08-01,84.4764156811084,82.336334283444,87.1809052046202,98.0695592284368,99.7218821236285,86.8440362525517,66.5270567772934,92.41961198113,66.1512426173602,83.4600177228735
2006-07-01,83.4770569740066,80.9889797724699,86.9414777578581,95.6553288489619,98.8606337386087,87.983210232912,66.2652956762575,92.8182746109026,65.1657157534891,81.4749175844417
2006-06-01,83.0178903311026,79.7533082280653,86.8552069323871,94.9254578315363,99.4751867586313,86.4977365923724,67.4185295309802,92.695521769267,64.2696520089245,81.6922752326151
2006-05-01,82.3479269150852,78.4738579856165,85.7504785832165,92.7199950960594,99.7417190280318,84.1706920517155,66.3740684398122,92.8493687924274,63.9279970907316,81.6732765560278
2006-04-01,81.2714283048842,76.853313831147,84.4091615743267,83.3301854280468,99.8962199330703,83.9633239870907,66.6498552298907,92.0948183602672,64.2976695311281,80.6491109761758
2006-03-01,80.8274106417626,76.4469507465134,86.8041450826519,79.9041707811481,100.207175125031,83.2527569548033,67.0214645457888,90.3086974466156,63.9893008096109,80.1371767139773
2006-02-01,80.2471545494124,75.0956513294427,86.644572340117,78.3976274567955,99.7151421579043,82.0330926877961,66.9360199079909,90.6873386626978,63.9233767141407,80.5422202273317
2006-01-01,80.1566753787398,75.2943278598542,86.47078612746,77.1727695307001,98.8096191822605,83.6677956612339,66.1071071090856,89.9350472050264,63.8126227407892,80.112287121137
2005-12-01,80.2916999882596,74.7130427276676,87.8999522255644,73.6891690498997,101.413939213931,83.6882544164536,68.3362644660159,90.5410701906816,65.1686837691409,82.5957313204895
2005-11-01,81.4272976346361,78.3203732893921,87.9032627478914,73.9350176672318,100.627552773274,83.2542178474371,66.8507295032018,91.20859716988,64.5006187116062,82.6976642451207
2005-10-01,81.0640370440379,78.0551946857767,88.344018746245,72.684633693406,100.289351432935,83.601171973896,65.4657135979506,90.5531330713239,63.6533829155084,81.1463368680195
2005-09-01,79.8585968095622,75.4419007350544,89.0178388682907,71.7597432047831,97.533907180075,83.7112074457972,65.5751602545226,90.1914114387651,63.9610654507356,81.5595788172384
2005-08-01,79.1718984827633,73.2529664443452,88.5984808990043,71.3752250570865,96.8173612850762,84.8086291528825,65.2866111651554,89.9898850838656,63.4240101796359,81.1078889435117
2005-07-01,78.2352923842611,71.6082933443589,88.2654596526478,69.7196274409343,96.7325183352336,86.0050930918006,65.0936106839465,90.7314512325539,62.78007298024,79.3329285145489
2005-06-01,77.8779459015972,69.8977285083833,88.990990709413,69.3392679558337,97.9086483844796,83.9783850411383,66.4877017070811,91.1460391044907,62.036343637958,79.5445717941724
2005-05-01,78.0549070285168,70.1912862125371,88.9527786132951,68.5291907583588,99.3443416613863,82.3587984850445,65.5222788152144,91.6578171692274,61.6470560180633,79.2175330320347
2005-04-01,77.4751461438362,68.3748343693479,87.5613709277248,67.7481182341844,100.196810364163,82.2363604183063,65.5357475220164,91.0027849409755,61.8841862667258,77.7715631399959
2005-03-01,76.1086729206804,65.507241428032,89.4888093635587,66.6979722714091,100.007160803424,81.2222019071252,65.7718003393413,88.9740861543011,60.9421912472485,77.2778946132857
2005-02-01,75.1377851586258,63.7484306701551,87.5197700405222,65.7698216919425,98.9237521407781,80.5826057836897,65.6879488792845,89.435245229485,60.7636660780805,77.0738949543844
2005-01-01,75.2644839236993,63.862873502845,87.8768151701829,67.3409856288832,98.0254158554172,81.627117718277,64.6208280636223,89.0446011930954,60.7161015611696,77.4031759624512
2004-12-01,76.4682857031044,66.827408522064,87.6370411022576,65.6766212565951,100.112477012765,81.4880763548721,67.4592936485843,89.4674606627289,62.843475187214,79.1146851728827
2004-11-01,77.2555006021215,69.9289047226715,85.9269430575674,66.0724018473921,98.3651542260743,80.8293377159583,65.539930885492,90.2162187634817,62.7437925210177,79.4405996590977
2004-10-01,76.1164667080168,67.933154643844,84.9461718713894,64.8969943691125,96.7110428475747,80.6182950567946,64.0564712308714,89.3028925752701,62.7126925275945,78.6301713837398
2004-09-01,74.5645161620562,65.1484462306169,84.8597129345002,63.2244433522318,92.8894354095952,80.9586145510611,63.9134115541156,88.9461651269873,63.2026338446004,79.3381116899206
2004-08-01,73.2394990589855,62.9321017563103,82.5708116486527,62.5001970727553,90.8230406051371,81.861611151431,63.5702153506869,88.2253775332016,62.7960496828078,79.052523336756
2004-07-01,72.1062602619918,61.9448904362966,81.2009748414423,60.8905043152265,89.2366405306583,82.4593414111223,63.1363828166309,88.6049328442909,62.5299531675697,78.0835910576269
2004-06-01,71.4476567904561,60.1529505235657,81.7180814595161,59.2137215677487,89.4142907620818,80.8261646209223,64.1154307686414,89.1839912959792,62.098442080038,78.2919013722169
2004-05-01,70.9590063895607,59.0338824327478,81.6080537736652,59.3840474509175,89.1780445793414,79.7277816892977,63.2454428718286,89.1613007482757,61.6470560180633,78.1237998343537
2004-04-01,70.4960383474397,58.1418659603298,80.3315329612154,60.3277989618739,88.9847338935728,79.6863957541728,63.5036313197833,88.6103066611251,61.0900160579722,76.6222296945772
2004-03-01,69.3789178857615,56.7162263446165,81.3534630577806,59.181874242599,88.6588304994894,78.627494585794,63.3029839647173,86.2988226520864,59.9234918852001,76.0609198949662
2004-02-01,68.4314983229743,56.3646601858135,78.8466396761461,57.1911492973413,87.8541315637461,77.5578496474396,63.0402580415398,85.6659437064033,58.9938505612432,75.636795833547
2004-01-01,67.9895970403788,56.7165839279263,76.8826029485415,57.3602944027966,86.3660051589579,78.790654168221,61.9566903773943,84.7236928573696,58.2688114790495,75.8111419808533
2003-12-01,68.2752550920575,58.1107900191861,74.839488558717,54.8218875263732,87.9722996597232,78.6564443579847,64.6161816557321,84.8837387691925,59.7371437140817,77.7922174757942
2003-11-01,67.9467903272836,59.1115001882261,72.2682447918986,54.6052907829687,86.0587526037395,78.0959784695249,62.5381019899733,84.8694438038398,58.1499467293955,77.8829408422526
2003-10-01,66.6518972924841,58.2117863272014,70.5532988965028,52.5481735782287,85.058085178166,77.7418467278636,60.7170343420582,83.6953070058764,55.9934754710665,75.5333058441305
2003-09-01,65.5800493949483,57.1477598514183,70.7164274454168,51.8658271962525,82.2758506728035,77.8448216837126,60.5240639717004,83.0496406414447,55.054559098084,75.4882128353193
2003-08-01,64.8711240557888,56.239590488213,68.5804083460571,51.4404914179056,81.9702532537338,79.1698367035116,60.1990675669384,82.8407300781236,54.0413508457898,75.0736214024274
2003-07-01,64.3805895196355,55.8062076002672,67.8370717138198,50.5315388508104,81.9436552163988,80.6842870950316,59.6752200535264,83.9061864055785,53.812352123554,73.9427945621467
2003-06-01,63.9066697589053,54.9844154694385,67.14714992565,49.1400178985466,82.8677393531805,79.2413378636493,60.6579288255832,83.8983925644207,52.939848320578,74.2807413398642
2003-05-01,63.8120561057201,55.6923419176866,66.0259334738392,48.8355653379256,83.1884744210274,77.707389560719,59.6655121432345,84.0351562189215,52.4655795898411,74.3328257225059
2003-04-01,63.7973197714386,55.7983358544432,64.3682155137944,49.4085167582915,84.5059201268498,77.8187458536844,60.3073421840297,84.0704996784868,52.0801500920479,72.9735520900735
2003-03-01,63.359742361426,55.171426405269,65.8732494394985,49.1135885830697,85.0036725786092,77.0102787324133,60.4613027361197,82.189354906749,51.6136881009475,72.2325924928454
2003-02-01,63.3038837400317,54.7761517840753,66.4251387330633,49.3878664053034,84.3939784474026,75.8883068957335,60.4412828777946,82.8490751512604,51.2990004880376,71.4903552301957
2003-01-01,63.3050251772615,54.4827895561252,66.5074419970082,50.9416468941355,83.284479420403,76.9439982111533,60.0937831012554,82.4962929477796,50.8453852347727,71.6551436491997
2002-12-01,63.7490710476727,55.502187219853,65.5337027659518,49.1676121312764,85.0795934813571,77.9548507016697,63.1634229283794,83.137844044263,52.2177829668546,74.2292151486586
2002-11-01,64.1612750965851,57.3898060079865,64.4102003492857,49.6863428416458,83.7147398869061,77.862391295638,61.6138935861806,83.7802999050738,51.4601298490226,74.4578784342759
2002-10-01,63.7207431094494,56.0267433370562,64.0229572563546,49.0645878414834,83.2270892154266,77.509318771549,60.6563779640941,84.1158864380667,51.6544976670355,73.4045732207293
2002-09-01,62.9971656051377,54.6868515324577,64.5812122789195,48.6546221353213,80.4260514885665,77.9227444281407,60.8282049966838,83.5509463193609,52.1349991459129,74.4459692656009
2002-08-01,62.3760808228738,53.7663388988652,62.7451128509214,48.8050203205935,80.2842833043426,79.1698367035116,60.7457795831871,82.9236537318555,51.2240292377155,74.1101889461277
2002-07-01,61.9044129996495,53.1487691431116,62.5803244592434,48.0794851101907,80.1797017772982,80.6842870950316,60.2780000540671,83.3229259241097,50.6707647114444,73.3559469862566
2002-06-01,61.5078630980802,52.2665546287438,62.6372667216884,46.844630980502,81.163309846406,79.2413378636493,61.2088080984694,83.4809876262893,49.9432531326208,73.5452884553111
2002-05-01,61.1226591050959,51.8068296908713,61.5913558524619,47.0931199015676,81.0014356582545,77.0142612098305,60.1466856282606,84.1192754944159,49.3561426056831,73.9630106691601
2002-04-01,60.2429837312924,49.5544723396476,60.3829413825463,47.6456285036562,80.4052522615127,77.6634190156531,60.6713704064685,84.663141670178,49.2250946049602,72.2510416733401
2002-03-01,59.8863349351853,48.2267713332771,62.7364280376176,47.6830957117182,80.9558786462945,76.9333453870263,61.0103963028453,82.2716265332823,49.4857987545038,72.0884156615224
2002-02-01,60.4044692175875,48.3034848184086,64.427874619848,48.5146035415554,81.304410835648,75.5107531300831,60.928712578422,83.0151053619844,49.804854842755,71.7774650905579
2002-01-01,61.3420786601371,49.4399179275183,65.2673621167892,50.6378199742898,81.7315794115829,76.7904173764005,60.8852918959021,82.8276033612245,49.7995937656931,72.5254490376515
2001-12-01,62.9309684577223,51.7744283767285,65.2076644437331,49.1184936376388,84.6563119217484,78.5835188524896,64.1253024653598,84.2328713721003,51.3449193381068,75.821465933257
2001-11-01,63.8420647727215,54.2949914928917,64.7338696977746,49.8858863871946,83.631108778128,78.7284037367422,62.7432724910189,85.3159876833745,51.1024129583144,76.2107251118484
2001-10-01,64.1053753616191,54.6069623168189,64.6043968278048,49.8117643060745,83.1439452701564,78.5302115213262,61.9574851522922,85.4836244289296,52.281880229793,75.5191082517791
2001-09-01,63.762313365524,53.7198934503514,65.4981868954559,50.1594042632178,80.9930025061093,79.1093852062342,61.9431822776821,85.3431525223298,53.1989787203193,76.4332333322391
2001-08-01,63.6490620641569,53.3925907635206,63.8302267049048,49.902883763388,81.6727195364625,80.4571511214549,62.1122490625635,85.0499012634415,53.1369597901613,76.798123260236
2001-07-01,63.4917056406662,53.2552797025166,63.5978907106132,49.6688895766433,81.8995932352382,81.8299057758941,61.1959391411849,85.4594112042151,53.3938511184872,75.7027316679635
2001-06-01,63.27969454535,52.2143402884553,64.1775273787791,48.847373285195,83.2444203552882,80.94110098432,62.2673531011896,85.7975206847783,53.0746579517756,76.055106985844
2001-05-01,62.8833941410452,51.6518740686653,63.1706213871404,48.9533470910266,83.5928128568158,78.7466883536099,61.124680516525,86.4535205492455,52.4507360315442,76.6456069110467
2001-04-01,62.6226442113227,50.4628027898652,62.2504550335529,50.1005557346543,83.5813433071858,78.8461106757899,61.4082696421746,87.4619232129938,52.9302092526454,75.1831859243914
2001-03-01,62.7739359907603,50.3410974251327,64.6767299356882,50.7807196077936,85.2167143645205,77.5537755917604,62.0024352671192,85.167315251845,53.788911689678,74.4715037825645
2001-02-01,63.3834934077518,50.6857133456544,66.3520850873821,51.8872765150325,86.127553851322,75.9665524447516,61.7312184178541,86.0260159191548,53.9597560593229,73.6934959861991
2001-01-01,64.502711524855,52.5397640037389,66.8038506824864,54.2741907548658,87.1338799697046,77.0988126269081,62.8331185716224,85.6541916868919,53.7212446231857,74.2328035185788
2000-12-01,65.6214478182714,55.0206465214968,66.1335339185934,52.6457595258722,89.2058081367212,78.5050138386509,65.9725334005759,85.7768547577396,54.1042353404708,77.7656060853918
2000-11-01,66.1575800753591,57.3336763388508,65.7196646677915,53.9306879861563,87.8478033383697,79.3633102184901,64.2861398473554,86.7032395156245,53.342811021205,77.8454801959636
2000-10-01,65.7491029349939,56.4704884351798,65.125400028029,53.2746142310957,86.248905881905,78.1395139515684,63.2865016877346,86.7854055116037,53.7326621066732,77.2179020979336
2000-09-01,64.9310726736497,54.7603399086151,66.0263980800967,53.5891071188224,84.2799193611959,78.8727669055176,63.0144275459635,86.9960780044137,53.2522309512706,78.2325827351475
2000-08-01,64.4873982412937,54.0410837687455,64.0865729968924,53.1447111431182,84.2855722770511,80.2165016166051,63.3152385958853,86.6088607570687,52.7675866833777,77.8096486932482
2000-07-01,63.7466924103074,52.8326187524966,63.6615522628761,52.3933434352777,83.6563771555038,81.503890215034,62.1278569961268,86.9373460877061,52.604779427081,75.7785101781416
2000-06-01,62.9648701943781,50.5952909771854,63.9855706667788,50.7768953068555,84.4263898126655,80.779541900519,63.4087098790118,87.0157410596129,52.0850421509083,75.0790789593722
2000-05-01,62.1992029090457,49.4749751615568,62.6071569743711,50.7814803848824,84.3519806829625,78.6680203332766,62.0555132147462,87.5035633089529,50.9725325865347,75.5129132128539
2000-04-01,62.0640676028966,49.136127351378,60.85088468578,51.5437816200147,83.4145142786285,78.2980245042601,62.2170918360432,88.5242137783338,51.2889624541138,74.9583109914171
2000-03-01,61.4827972485409,48.2656734660908,63.4085587604786,52.1898454345258,84.2062394906329,76.7099659661329,61.7554136126685,86.2017360848634,50.8401811811701,73.5884424728898
2000-02-01,61.7171308741498,47.8618634047728,64.9237623164208,52.5174863512475,84.7712144205925,75.4384830633084,61.30210369201,86.6324430202969,50.9534995838743,72.5329684903534
2000-01-01,62.2613045606708,47.7634218215808,64.8581074587247,54.4921593924355,85.0916796579146,76.1845974574191,63.0221851270034,85.9119274692998,50.9689227923963,73.2078930163499
1999-12-01,62.6756903708418,48.4763405475743,63.8971342208632,51.8166924467246,86.7760779540089,77.4211181840739,65.4489418656507,86.3815254357901,50.8976814115436,76.3156095048006
1999-11-01,63.0072191193896,49.1291142577985,63.3747971724122,52.309105709172,85.5382700470981,78.1134943095375,63.3360983717787,88.1130482882363,50.8026771630524,75.9468099472816
1999-10-01,62.4991472766102,47.8158242465536,62.9230918145208,50.9317535670131,83.1715582274879,77.4425311710291,62.3512331898863,88.0176526486853,52.0665330491019,75.3345386321303
1999-09-01,61.7802784715982,46.5649148882781,63.6705863838927,50.0365145834009,80.8828400779231,78.0146062369116,62.0220743562633,88.2313164344967,51.7514392140628,77.0764361922635
1999-08-01,61.6514323530533,45.875283335098,61.7999739603591,48.6673178966284,80.3484959743099,79.579862714886,62.5644650156969,88.1066742187881,52.8204070904682,76.8111043368689
1999-07-01,58.6986117958632,45.8616482226533,61.5682323625494,45.0889358307037,75.9132279088056,83.6795587423347,63.0739664935297,82.17140461976,50.2913761253164,69.5215689707721
1999-06-01,58.7907284728087,44.3041076858016,63.2893874053203,44.0007758291642,78.028086703018,82.0930303867063,61.3237039448857,77.6233194108946,51.3659192809747,71.9837765669916
1999-05-01,58.9565904351144,44.2135613597469,62.0487185078009,44.5842672387027,78.9812553211259,78.1988273690622,61.5019952574293,77.7118679475603,51.3836013977164,74.104919737835
1999-04-01,58.9402351404526,42.1769333488223,61.9662776840937,43.5335993412286,78.1766769246753,80.8029148650775,62.9727650162381,82.5015971839085,52.9844653451589,73.9233836207269
1999-03-01,58.6667912676917,41.7162259862496,65.3023262208842,46.2266124309352,77.8966137748685,75.3536011455137,62.0034273219563,79.1567824470738,53.6288831025001,72.6440695684993
1999-02-01,59.5725201487932,41.9472948332803,67.4883184162378,46.9325168465125,81.2763321386314,77.2935277287996,59.0010622637247,82.5857416780714,55.2640993317509,69.8776189695119
1999-01-01,60.9807096578558,42.1938355314318,67.0714658311527,49.810017726175,81.2719003418478,77.5021337308434,59.4548916292485,83.6532886750728,54.6876853995668,75.3943285441297
1998-12-01,62.1782642567875,43.9495381211009,66.4902541320117,47.6694502729757,83.9227059516527,78.6001199838314,65.5144563219727,84.2746589617464,55.3837664978712,78.7570789523226
1998-11-01,64.0968658386466,46.9685604759068,66.6401652706753,50.29721702805,82.4862777696221,78.9822996051946,61.4317152005613,88.3781828367465,58.0602024720599,78.6198860737905
1998-10-01,63.1942844050659,44.6459610145225,66.0263292912076,48.9728399682818,81.0638969078829,79.1037090613168,64.5457900516421,91.2100027447516,59.0323503958071,76.1724354217698
1998-09-01,62.9127072012202,45.1648059052164,66.8106887553963,49.443196228657,80.6409173259453,80.5104295530563,63.0946839839911,90.4009389697712,56.3741167909181,78.5692519798812
1998-08-01,63.7553592068804,44.4959101213366,64.7120146181771,48.0902350757198,82.2400163503684,78.7919432820653,62.6270921078047,91.9693885373571,58.3006700777795,81.975564927288
1998-07-01,60.7646084843304,45.7244747982585,65.1515686376184,47.0656950216114,78.8299355231626,81.4796092914651,63.5826275136388,86.405262481346,55.8793068059071,70.652000986557
1998-06-01,61.8199037568966,44.5715369072451,67.6891843907169,46.8093359884726,78.7367171574349,78.55792381503,64.6192876131567,80.6895212171462,58.4367682377414,77.9889236912152
1998-05-01,61.9943117088479,44.978190599946,66.0092750082988,48.7792858191496,82.876448395725,73.6335474284955,61.9355440658905,82.2347808968892,58.3241786580209,78.2522911698363
1998-04-01,62.9031324871426,43.8885882922188,65.991776021399,49.5262791140257,83.5220907314907,82.116783399469,65.596630225248,86.2987418241721,59.533107129392,79.2319224230728
1998-03-01,62.7452313023441,43.7735844556659,71.0580263556955,52.1745061297237,84.4865659163433,74.8297925973324,63.789534281848,84.7503024058606,60.1895433249159,76.7907712140585
1998-02-01,63.9190130351858,44.4828153057055,71.6436501233947,53.5759324731878,88.2479176315216,79.4383635445011,63.4420024341126,89.3785083096011,60.6631167198144,74.6555758221281
1998-01-01,65.7828583148391,44.2283391314799,71.8879590901958,55.9034991315095,88.4351472707811,74.9537076700613,65.1203632302831,91.5243858589418,60.8994269482927,83.1249487807384
1997-12-01,66.217533819795,45.5908071795652,71.1125712641836,53.8029912787536,90.629272086018,80.2042040651341,68.2442253353882,89.8450521980239,61.3330747484731,84.2321700024841
1997-11-01,68.2607729911039,48.5212401610607,71.1967577678155,59.0342922864437,89.7565590529076,78.0457505980184,60.7633186949172,94.1194705396661,64.5830950745939,85.5493863697394
1997-10-01,67.2995574068859,46.0267639324974,71.3027314159909,58.5799521151696,87.1654805461106,84.4223149000179,70.3113181390437,98.8190712294167,63.9570426823479,81.3808070745404
1997-09-01,66.8572871426357,47.1941545509053,70.774034698513,57.4920886379733,90.1015836044082,82.9149634943937,65.6552382767857,95.9670265071881,61.01094890792,82.9664751635493
1997-08-01,68.6279431720995,46.495203888544,68.6235573893713,49.3233180263793,90.7726449783316,80.812249520067,64.0358815008228,98.9982653792864,64.1371508006375,90.6809346540796
1997-07-01,64.6432005152451,47.7290968666581,68.9434588757867,56.3661018222891,87.0087588555879,84.434828281311,69.947885053508,88.7117684613409,60.2797268672137,75.0818288911339
1997-06-01,65.2108689418741,45.2962773447613,71.0274757510146,57.1542563961814,87.0018974115303,80.5722295538769,63.9162093107386,87.8014376682766,62.7003951048727,83.8590577324895
1997-05-01,65.4638983197971,45.709543292628,68.2619183126151,58.2787166298084,90.873298679523,77.5906716843999,63.2640899549443,90.0709538848732,63.7422717573999,83.2471182657833
1997-04-01,64.6486459271764,43.7573163431892,68.4561991923226,53.0828286323962,88.8532880122241,78.7313359534698,65.0760220488571,93.2959371072131,62.7986362124388,82.1907908953037
1997-03-01,64.2223452429315,43.4692993601449,74.0959607462935,59.8331492313345,87.6416658883229,78.7682027340341,61.5729095384633,90.1598961764474,59.1834250982457,82.041422237242
1997-02-01,65.0244283165674,43.8254337987246,73.2552659748412,58.6169939531595,89.0493618885183,80.894463894604,62.5660773511959,94.4804527585635,61.27587547456,78.5848166548717
1997-01-01,66.0470465008425,41.7642484716524,73.9588056483496,59.2198084020228,88.2586300107596,81.2066171939992,66.3816138942743,95.43731580703,62.7829143796832,86.8599255807089
1996-12-01,65.9537189440189,42.648089036076,73.3119291383336,55.2392107584739,92.0094132852975,79.4888048217385,69.4951378160776,93.980180123456,61.9526007560334,87.3777697121204
1996-11-01,67.3847709685132,44.8026224940542,72.9474977129257,59.6305982691351,91.1234102059976,77.8123136570473,61.1916603171372,96.1383764450113,65.301410591096,87.7429603792199
1996-10-01,65.786468628432,42.3040109673689,72.7578891999907,58.7562207775021,89.4004928678057,84.253807285447,66.5826876316702,103.475467255934,61.5563452188141,83.6390617415626
1996-09-01,65.8692484163899,43.4568642273529,72.2921702742727,58.5459151099524,93.1764049683642,82.7494645652632,65.9189139325158,101.124369343718,59.2339309785631,86.6038362876297
1996-08-01,67.3483249971536,42.4226312851679,70.0955642383772,49.5711738958586,93.3874948336745,77.4805843912435,61.8704169090075,102.27093530918,63.5650652137141,94.1650411776528
1996-07-01,63.1898343257528,43.2720733151932,71.2225814832507,57.4578000227208,90.8233390976909,81.5795442331507,65.6171529582627,90.4299372694607,58.1850645436426,79.1167849221643
1996-06-01,64.3105216389291,41.6326078536409,72.9234863973456,60.3529634595369,90.7214780099377,80.0916794770148,62.971634788905,93.1086295527854,59.0955656030845,89.3067707481251
1996-05-01,64.1174322427004,41.5919411215905,69.7261678371962,60.6438258374697,95.0557517568232,79.2550272567925,65.220711293757,91.3498518102162,62.2483122630858,85.7333864735152
1996-04-01,63.4432246586618,39.3147496344916,68.8694156864412,57.1397509498344,93.4314279834113,80.0115202779165,64.8813779151118,92.8317782161324,61.6277097276141,90.1214812448505
1996-03-01,64.0941569290734,39.5895258289116,76.5454139941049,65.3914199249557,93.9353332136365,85.0628539244429,55.1728580093757,85.5406984596275,59.8416836180442,92.2850643838493
1996-02-01,64.6366086645799,38.9559411544219,77.1920610904544,67.843743001342,95.239959239057,83.8284599944083,60.8027962596656,91.9070552126104,60.5492840657708,88.0009145071352
1996-01-01,65.718454229694,37.5915827827654,75.6225006629342,66.3155749182786,95.3116954759823,83.5459024629621,64.0131281526271,92.1209612036969,63.0984064117419,102.30851069577
1995-12-01,65.3654300733587,38.4563471921335,75.0377985039238,65.9966675728481,99.4696359841054,83.4966437203136,68.6032949813204,91.5986161047329,59.7998076795689,93.0540678510334
1995-11-01,66.783717510915,41.0656484821762,73.6099876013377,69.4995317822087,98.1933299633595,75.4726611610546,66.4404563703987,95.2808488057595,61.6632772342738,98.5875959317078
1995-10-01,65.7207478805514,38.4581917885172,73.9409443089336,71.3927348450815,99.1136284565473,84.5921759894046,72.7679646247762,101.546091517109,58.6809773296607,94.0821841862346